Organization Name,Organization Name URL,Headquarters Location,Founded Date,Founded Date Precision,Industries,Last Funding Date,Last Funding Amount,Last Funding Amount Currency,Last Funding Amount (in USD),Description,Website,X (Twitter),LinkedIn,Founders,Number of Funding Rounds,Last Funding Type,Total Funding Amount,Total Funding Amount Currency,Total Funding Amount (in USD),Top 5 Investors,Lead Investors,Full Description
DualEntry,https://www.crunchbase.com/organization/dualentry,"New York, New York, United States",2024-01-01,year,"Accounting, Artificial Intelligence (AI), Enterprise Resource Planning (ERP)",2025-10-02,90000000,USD,90000000,DualEntry develops an AI-based accounting software for handling transactions for mid-market enterprises.,https://www.dualentry.com,https://x.com/dualentry,https://www.linkedin.com/company/dualentry,"Benedict Dohmen, Santiago Nestares",2,Series A,100000000,USD,100000000,"Lightspeed Venture Partners, Khosla Ventures, RTP Global, Soma Capital, Google Ventures","Contrary, Khosla Ventures, Lightspeed Venture Partners","DualEntry develops AI-based accounting software for handling transactions for mid-market enterprises. The product includes a unified general ledger, automation of repetitive workflows, multi-entity and multi-currency support, and integrations with many existing financial and operations-adjacent tools. DualEntry also offers what it calls “NextDay Migration,” which enables moving historical financial data from legacy accounting or ERP systems into its platform within ~24 hours, reducing implementation friction."
David,https://www.crunchbase.com/organization/david-6c93,"New York, New York, United States",2023-01-01,year,"Food and Beverage, Manufacturing, Nutrition",2025-05-29,75000000,USD,75000000,"David is a food-tech firm focused on creating high-protein, low-calorie, blood-sugar-friendly foods.",https://davidprotein.com,https://x.com/david_protein,https://www.linkedin.com/company/david-protein,"Eyas Kelani, Zach Ranen",2,Series A,85000000,USD,85000000,"Valor Equity Partners, Greenoaks, Valor Siren Ventures, Peter Rahal, Peter Attia","Greenoaks, Peter Rahal","David is a food-tech firm focused on creating high-protein, low-calorie, blood-sugar-friendly foods. It creates tools to build muscle and lose weight."
Model ML,https://www.crunchbase.com/organization/model-ml,"New York, New York, United States",2023-01-01,year,"Artificial Intelligence (AI), B2B, Financial Services, FinTech, Machine Learning",2025-11-24,75000000,USD,75000000,"Model ML provides AI tools that automate tedious tasks in finance, enabling firms to process deals and models more efficiently.",https://www.modelml.com,,https://www.linkedin.com/company/model-ml,"Arnie Englander, Chaz Englander",4,Series A,87500000,USD,87500000,"QED Investors, Y Combinator, Gaingels, Pioneer Fund, LocalGlobe","Financial Technology Partners, LocalGlobe, TresVista Ventures, Y Combinator","Model ML offers an AI-native workspace tailored for financial institutions such as investment banks, private equity firms, and consultancies. The company provides purpose-built AI agents that analyse structured and unstructured finance data, including emails, filings, CRM records, and third-party datasets, to automate research, reporting, and document generation. Its “AI Modules” feature enables users to design autonomous workflows that run continuously, generating deliverables like pitch decks or earnings summaries with embedded institutional formatting. The platform operates securely and supports single-tenant deployment in a client’s cloud environment to preserve data privacy and compliance."
Titan,https://www.crunchbase.com/organization/titan-5077,"New York, New York, United States",2024-01-01,year,"Artificial Intelligence (AI), Software, Web Development",2025-08-12,74000000,USD,74000000,Titan operates as an AI holding company focused on transforming IT services through its augmented AI platform.,https://titanmsp.ai,,https://www.linkedin.com/company/titanmsp,David Heffernan,1,Series A,74000000,USD,74000000,General Catalyst,General Catalyst,"Titan operates as an AI holding company focused on transforming IT services through its augmented AI platform. It acquires and partners with managed IT service firms, then equips their technicians with AI-driven agents that reduce response times, deliver proactive, personalized support, and bolster endpoint security. The platform also includes access to sales, marketing, finance, and operations experts, as well as strategic M&A capabilities to scale efficiently."
Manifest OS,https://www.crunchbase.com/organization/manifest-os,"New York, New York, United States",2025-01-01,year,"Artificial Intelligence (AI), Legal, Legal Tech",2026-04-28,60000000,USD,60000000,Manifest OS empowers AI-native law firms through a unified global brand and a proprietary technology platform.,https://manifestos.com,,https://www.linkedin.com/company/manifest-o-s,Daniel Mishin,1,Series A,60000000,USD,60000000,"Menlo Ventures, Kleiner Perkins, First Round Capital, Quiet Capital",Menlo Ventures,"Manifest OS is a legal technology company that provides infrastructure and operational support for law firms through a centralized platform and AI-based tools. The company offers services such as document drafting support, client communication management, billing, collections, and administrative operations, allowing attorneys to focus more on legal work. Its platform is designed to support law firms operating under a unified brand while maintaining independent legal practices. Manifest OS works with firms handling areas such as individual and corporate immigration law and provides fixed-fee and workflow management systems intended to improve transparency for clients. The company also employs teams across engineering, operations, legal operations, and product development to support its technology and service model."
Gambit Security,https://www.crunchbase.com/organization/gambit-security,"New York, New York, United States",2024-01-01,year,"Artificial Intelligence (AI), Cyber Security",2026-02-25,56000000,USD,56000000,Gambit Security is an AI-powered cybersecurity platform that focuses on enhancing company resilience against cyberattacks and disruptions.,https://gambit.security,,https://www.linkedin.com/company/gambitsecurity/,May Kogan,2,Series A,61000000,USD,61000000,"Kleiner Perkins, Cyberstarts, Spark Capital","Cyberstarts, Kleiner Perkins, Spark Capital","Gambit Security is an AI-powered cybersecurity platform that focuses on enhancing company resilience against cyberattacks, system failures, and disruptions."
Artemis,https://www.crunchbase.com/organization/artemis-5568,"New York, New York, United States",2025-01-01,year,"Artificial Intelligence (AI), Computer, Cyber Security, Network Security",2026-04-15,55000000,USD,55000000,Artemis is the first protective layer that is AI-native,https://artemissecurity.com,,https://www.linkedin.com/company/goartemis,"Dan Shiebler, Shachar Hirshberg",3,Series A,70000000,USD,70000000,"Felicis, First Round Capital, Sunflower Capital, Theory Ventures, Two Sigma Ventures","AWS & Crowdstrike Cybersecurity Accelerator, Brightmind Partners, Felicis, First Round Capital",Artemis is the first protective layer that is AI-native
Nous Research,https://www.crunchbase.com/organization/nous-research,"New York, New York, United States",2023-01-01,year,"Artificial Intelligence (AI), Blockchain, Open Source, Product Search",2025-04-25,50000000,USD,50000000,"Nous Research is a decentralized AI startup that focuses on developing open-source, human-centric artificial intelligence models and tools.",https://nousresearch.com,https://x.com/nousresearch,https://www.linkedin.com/company/nousresearch,"Jeffrey Quesnelle, Karan Malhotra, Ryan Teknium, Shivani Mitra",2,Series A,70000000,USD,70000000,"Paradigm, Robot Ventures, North Island Ventures, OSS Capital L.P., Balaji Srinivasan","Distributed Global, OSS Capital L.P., Paradigm","Nous Research is a decentralized AI startup that focuses on developing open-source, human-centric artificial intelligence models and tools. Its work encompasses large language model architecture, data synthesis, fine-tuning, and reasoning, aiming to align AI systems with real-world user experiences. In addition to model development, the organization emphasizes decentralized AI training. It utilizes blockchain technology, specifically the Solana network, to coordinate and incentivize global participation in training its AI models. This approach allows individuals worldwide to contribute idle computing power for AI training, promoting a more distributed and collaborative development process."
Adaptive Innovations,https://www.crunchbase.com/organization/adaptive-innovations-9ec9,"New York, New York, United States",2025-01-01,year,"Artificial Intelligence (AI), Health Care",2026-06-02,50000000,USD,50000000,"Adaptive Innovations is the AI-native healthcare provider rebuilding the way care is delivered in America, starting with home health.",https://www.adaptive.co,,,,2,Series A,60000000,USD,60000000,"BoxGroup, Conviction, Bain Capital Ventures, SV Angel, Felicis","Bain Capital Ventures, Felicis","Adaptive Innovations is the AI-native healthcare provider rebuilding the way care is delivered in America, starting with home health."
Radial,https://www.crunchbase.com/organization/radial-66dc,"New York, New York, United States",2023-01-01,year,"Health Care, Medical, Mental Health",2025-12-09,50000000,USD,50000000,Radial provides new medical treatments for mental conditions including treatments like neuromodulation and rapid acting medications.,https://meetradial.co,https://x.com/MeetRadial,https://www.linkedin.com/company/radial-health-inc/,John Capecelatro,2,Series A,57797992,USD,57797992,"General Catalyst, BoxGroup, Founder Collective, JSL Health Capital, Solari Capital",General Catalyst,
Arca Wealth,https://www.crunchbase.com/organization/arca-wealth,"New York, New York, United States",2025-01-01,year,Financial Services,2026-06-25,48500000,USD,48500000,Arca Wealth is a wealth management firm that combines human advisors with AI to deliver personalized financial advice,https://www.arcawealth.com,,https://www.linkedin.com/company/arcawealth,,2,Series A,64000000,USD,64000000,"General Catalyst, Index Ventures, Venrock","General Catalyst, Venrock","Arca is an AI-native wealth management firm that pairs human financial advisors with purpose-built AI agents to deliver highly personalized, scalable advice for high-net-worth and growing clients. The company runs an integrated platform that automates operational work"
Thesis Care,https://www.crunchbase.com/organization/trovo-health,"New York, New York, United States",2024-01-01,year,"Artificial Intelligence (AI), Health Care",2026-03-25,45000000,USD,45000000,Thesis Care uses AI technology to provide comprehensive healthcare solutions.,https://www.trovohealth.com,,https://www.linkedin.com/company/trovohealth,"Aditya Pandyaram, Niren Gandra",2,Series A,60000000,USD,60000000,"Oak HC/FT, CRV, Black Opal Ventures",Oak HC/FT,"Thesis Care uses AI technology to provide comprehensive healthcare solutions, combining smart algorithms with professional human coaching to deliver personalized patient care."
Deeptune,https://www.crunchbase.com/organization/deeptune-6c1e,"New York, New York, United States",2022-08-01,month,"Artificial Intelligence (AI), Simulation, Software",2026-03-19,43000000,USD,43000000,Training gyms for AI agents,https://deeptune.ai,,https://www.linkedin.com/company/deeptuneai,"Lukas Schmit, Tim Lupo",2,Series A,46141593,USD,46141593,"Andreessen Horowitz, Abstract, Seven Seven Six, Inspired Capital Partners, Abstract","Andreessen Horowitz, Seven Seven Six",
Jazz,https://www.crunchbase.com/organization/jazz-efc5,"New York, New York, United States",2024-11-01,month,Cyber Security,2026-03-10,43000000,USD,43000000,DLP that’s in tune with your business,https://jazz.security,,https://www.linkedin.com/company/jazzsecurity,"Ido Livneh, Noam Issachar, Yonatan Zohar",3,Series A,61000000,USD,61000000,"Team8, Ten Eleven Ventures, Glilot Capital Partners, MassMutual Ventures, Merlin Ventures","AWS & Crowdstrike Cybersecurity Accelerator, Glilot Capital Partners, Team8","Jazz replaces rule-writing and alert chasing with AI DLP that deeply understands your organization, investigates signals at the source, and only surfaces meaningful incidents so your team can finally see the full story."
Starbridge,https://www.crunchbase.com/organization/starbridge-fcbe,"New York, New York, United States",2023-01-01,year,"Artificial Intelligence (AI), Business Intelligence, Education, Government, GovTech, Infrastructure, Procurement",2025-10-21,42000000,USD,42000000,Starbridge provides a go-to-market intelligence platform designed for companies that sell to government and educational institutions.,https://starbridge.ai,,https://www.linkedin.com/company/starbridge-ai,Justin Wenig,2,Series A,52000000,USD,52000000,"Craft Ventures, Autotech Ventures, Owl Ventures, Commonweal Ventures, Avalanche VC","Craft Ventures, Owl Ventures","Starbridge provides a go-to-market intelligence platform designed for companies that sell to government and educational institutions. The platform compiles data such as contract expirations, requests for proposals, meeting minutes, grant awards, and strategic documents to help organizations identify relevant sales opportunities. It integrates with customer relationship management systems to supply contextual information, including budget insights and contact data. Starbridge also offers tools to assist with proposal development by highlighting suitable opportunities and generating draft responses. The system includes features for prioritizing leads based on available data and supports outbound engagement with templated messages tailored to verified contacts."
Ease Health,https://www.crunchbase.com/organization/ease-health,"New York, New York, United States",2025-01-01,year,"Artificial Intelligence (AI), Health Care, Mental Health, Outpatient Care",2026-03-02,41000000,USD,41000000,"Ease Health focused on behavioral health solutions,building an AI-native electronic health record system for behavioral health practices.",https://easehealth.com,https://x.com/tryeasehealth,https://www.linkedin.com/company/ease-health,"Raymond Wang, Zach Cohen",1,Series A,41000000,USD,41000000,"Andreessen Horowitz, BoxGroup, Abstract, Sunflower Capital, Maven Ventures",Andreessen Horowitz,"Ease Health is a New York-based startup offering an AI-native operating system for behavioral health providers. It unifies CRM, EHR, and revenue cycle management (RCM) into a single platform to streamline operations across patient intake, clinical care, billing, and collections. The platform handles the full patient journey, consolidating 6–10 typically separate systems to cut administrative burdens and enable AI-driven automation, such as documentation that reduces note-taking time by up to 50%. It supports diverse care levels, including outpatient, IOP, PHP, residential treatment, detox, inpatient psychiatry, and MAT. Additional tools include patient portals, scheduling, AI patient identification, Power BI dashboards, and compliance features like staff credential tracking."
Etherealize,https://www.crunchbase.com/organization/etherealize-5cca,"New York, New York, United States",2024-01-01,year,"Blockchain, Financial Services, Information Technology",2025-09-03,40000000,USD,40000000,Etherealize is a company dedicated to connecting traditional financial institutions.,https://www.etherealize.com,,https://www.linkedin.com/company/etherealize,"Danny Ryan, Grant Hummer, Vivek Raman, Zach Obront",2,Series A,40000000,USD,40000000,"Paradigm, Electric Capital, Ethereum Foundation, Vitalik Buterin","Electric Capital, Ethereum Foundation, Paradigm, Vitalik Buterin","Etherealize is a company dedicated to connecting traditional financial institutions, particularly Wall Street, to the Ethereum blockchain environment."
Velocity,https://www.crunchbase.com/organization/velocity-d132,"New York, New York, United States",2025-01-01,year,"Blockchain, Financial Services, FinTech",2026-07-14,38000000,USD,38000000,Velocity provides a unified platform for efficiently moving and managing funds across both traditional banks and blockchains.,https://www.velocity.xyz,,https://www.linkedin.com/company/velocityxyz/,,2,Series A,48000000,USD,48000000,"QED Investors, Ripple, FirstMark, Dragonfly, Coinbase Ventures","Activant Capital, Dragonfly, FirstMark",Velocity provides a unified platform for efficiently moving and managing funds across both traditional banks and blockchains.
Xscape Photonics,https://www.crunchbase.com/organization/xscape-photonics,"New York, New York, United States",2022-01-01,year,"AI Infrastructure, Artificial Intelligence (AI), Data Center, Information Technology, Optical Communication, Semiconductor, Simulation",2026-03-11,37000000,USD,37000000,Xscape Photonics provides photonic chips for high-speed connections in high-performance computing systems and data centers.,https://www.xscapephotonics.com/,,https://www.linkedin.com/company/xscape-photonics-inc,"Alexander Gaeta, Vivek Raghunathan, Yoshi Okawachi",4,Series A,94000000,USD,94000000,"NVIDIA, OUP (Osage University Partners), Cisco Investments, LifeX Ventures, Addition","Addition, Altair, IAG Capital Partners","Xscape Photonics provides photonic chips for high-speed connections in high-performance computing systems and data centers. The company uses photonics to realize scalable, high-bandwidth, energy-sustainable, and cost-effective solutions that enable the next generation of AI, ML, and simulation hardware."
AegisAI,https://www.crunchbase.com/organization/aegisai,"New York, New York, United States",2025-01-01,year,"Agentic AI, Artificial Intelligence (AI), Cyber Security, Intrusion Detection, Security",2026-07-23,36000000,USD,36000000,Aegis AI is an email security platform that leverages AI agents to analyze emails like human analysts.,https://www.aegisai.ai,,https://www.linkedin.com/company/aegisaisecurity,"Cy Khormaee, Ryan Luo",2,Series A,49000000,USD,49000000,"Accel, Battery Ventures, Foundation Capital","Accel, Battery Ventures, Foundation Capital","Aegis AI develops an AI-native email security platform that helps organizations detect and respond to email-based cyber threats. The platform uses coordinated AI agents to analyze email content, sender behavior, and communication patterns to identify phishing attempts, business email compromise, malware, ransomware, spam, and other evolving threats. It integrates with email services such as Google Workspace and Microsoft 365 through APIs, allowing deployment without requiring changes to existing mail routing. The platform provides automated threat detection, quarantine and remediation capabilities, along with reporting and visibility into targeted attacks and security trends. Aegis AI also supports security teams by reducing manual review efforts and adapting to emerging email threats through AI-driven analysis rather than relying solely on static rules or signatures."
Phia,https://www.crunchbase.com/organization/phia-1838,"New York, New York, United States",2022-01-01,year,"Apparel, Artificial Intelligence (AI), E-Commerce, Fashion, Shopping",2025-12-04,35500000,USD,35500000,Phia is AI-powered shopping agent that provides a tool for online shoppers to compare prices and discover deals.,https://phia.com,https://x.com/Phiaco_,https://www.linkedin.com/company/phia-co,"Phoebe Gates, Sophia Kianni",6,Series A,45550000,USD,45550000,"Khosla Ventures, Kleiner Perkins, Notable Capital, Soma Capital, Offline Ventures","Desiree Gruber, Kleiner Perkins, Kris Jenner, Notable Capital, Offline Ventures, Soma Capital, Stanford University","Phia is a company that provides a tool for online shoppers to compare prices and discover better deals across thousands of retailers and resale platforms. It offers a browser extension and a mobile app that include features such as price-comparison, alerts for price changes, and suggestions of similar or used items when an item seems overpriced. Phia draws on data to help users assess whether a listed price is fair, high, or typical. It also curates personalized shopping feeds and editorial picks based on shoppers’ behavior and preferences. The goal is to simplify decision-making for consumers by consolidating options and insights into one interface."
Yuzu Health,https://www.crunchbase.com/organization/yuzu-health,"New York, New York, United States",2022-06-01,month,"Health Care, Health Insurance, Insurance, Software",2026-04-06,35000000,USD,35000000,"Yuzu Health is a third-party administrator providing claims processing, billing, and plan management for employer-sponsored insurance plans.",https://yuzu.health,,https://www.linkedin.com/company/yuzu-health,"Max Kauderer, Russell Pekala, Ryan Lee",3,Series A,40000000,USD,40000000,"General Catalyst, Neo, WndrCo, Chemistry, Lachy Groom","Chemistry, General Catalyst, Lachy Groom","Yuzu Health operates as a third-party administrator (TPA), providing claims processing, compliance, billing, and plan management services for employer-sponsored health insurance plans. The company primarily serves plan designers and employers by offering customizable health plans and integrated tools that streamline workflows, improve transparency, and reduce administrative complexity. Its platform emphasizes real-time data visibility, simplified financial management, and a unified portal for handling member and employer interactions. Backed by venture funding, Yuzu Health aims to make healthcare more accessible and efficient by rebuilding the underlying infrastructure of insurance administration with a technology-first approach."
Echo,https://www.crunchbase.com/organization/echo-d91c,"New York, New York, United States",2025-01-01,year,"Artificial Intelligence (AI), Cloud Security, Computer, Cyber Security, Network Security, Software",2025-12-16,35000000,USD,35000000,Echo develops and provides container base images designed to eliminate known software vulnerabilities in cloud-native applications.,https://www.echo.ai/,,https://www.linkedin.com/company/echo-hq,"Eilon Elhadad, Eylam Milner",2,Series A,50000000,USD,50000000,"SentinelOne, Hyperwise Ventures, Notable Capital, N47, Silicon Valley CISO Investments","Hyperwise Ventures, N47, Notable Capital","Echo develops and provides container base images designed to eliminate known software vulnerabilities in cloud-native applications by rebuilding and hardening images with only essential components. The company’s offerings include a catalog of CVE-free images that integrate into existing development workflows and are continuously updated to address emerging security concerns, supported by automated processes and compatibility with common scanning tools. Echo’s platform uses AI-driven methods to produce and maintain these images, aiming to support engineering and security teams in reducing vulnerability management tasks and easing compliance efforts. The company also supplies resources and technical support to help users adopt secure base images within their DevOps pipelines."
Probook,https://www.crunchbase.com/organization/probook,"New York, New York, United States",2022-01-01,year,"Artificial Intelligence (AI), Machine Learning, SaaS, Software",2026-06-23,34000000,USD,34000000,"Probook is an AI operating system designed specifically for home services, focusing on optimizing the dispatch process.",https://www.probook.ai,,https://www.linkedin.com/company/probook-ai,"Ben Cervantez, George Eliadis",2,Series A,40000000,USD,40000000,"Andreessen Horowitz, Sequoia Capital","Andreessen Horowitz, Sequoia Capital","Probook develops AI-powered dispatching software for home service businesses, including HVAC, plumbing, and electrical service providers. Its platform analyzes historical operational and sales data to match technicians with service calls and automate dispatch-related workflows. The software integrates with existing field service management systems and supports tasks such as scheduling, customer communications, and job information verification. Probook is designed to help dispatchers focus on exception handling and other operational activities while reducing manual assignment processes. The company serves home service operators ranging from independent businesses to multi-location organizations."
ORION Security,https://www.crunchbase.com/organization/orion-security-e3dd,"New York, New York, United States",2025-01-01,year,"Artificial Intelligence (AI), Cyber Security, Network Security",2026-02-03,32000000,USD,32000000,ORION is a cybersecurity company that prevents data loss by replacing policy-based enforcement with real-time contextual intelligence.,https://orionsec.io,,https://www.linkedin.com/company/orionsec,"Jonathan Kreiner, Nitay Milner",3,Series A,38000000,USD,38000000,"Norwest, Alumni Ventures, IBM, Underscore VC, PICO Venture Partners","AWS & Crowdstrike Cybersecurity Accelerator, LAMA Partners (fka FXP Ventures), Norwest, PICO Venture Partners","ORION Security is a cybersecurity company that provides vulnerability assessment, penetration testing, and threat simulation services to help organizations identify and remediate security weaknesses before they can be exploited. The company’s offerings include red team assessments, network and application penetration tests, cloud security evaluations, and adversary emulation exercises that simulate realistic attack scenarios to test defenses and response capabilities. Its platform also supports continuous security validation and automated testing that help security and IT teams maintain visibility into risk exposure as environments evolve. ORION Security works with clients to customize engagements based on specific technology stacks, compliance requirements, and risk tolerances, producing actionable reports that guide mitigation planning and security improvements. The company engages with technical stakeholders to align testing outcomes with security architecture objectives and operational policies. ORION Security’s services aim to support proactive security posture management and strengthen defenses against emerging threats."
Runlayer,https://www.crunchbase.com/organization/runlayer,"New York, New York, United States",2025-01-01,year,"Artificial Intelligence (AI), Cloud Security, Cyber Security, Finance, Health Care, Internet of Things",2026-06-24,30000000,USD,30000000,"Runlayer helps companies deploy, manage, and secure AI agents across their organizations.",https://www.runlayer.com,https://x.com/runlayer,https://www.linkedin.com/company/runlayer,"Andrew Berman, Tal Peretz, Vitor Balocco",2,Series A,41000000,USD,41000000,"Khosla Ventures, Felicis, Immad Akhund","Felicis, Khosla Ventures","Runlayer provides an AI enablement and control platform that helps companies deploy, manage, and secure AI agents across their organizations. The platform enables employees to create AI workflows using governed agents, tools, internal knowledge, and integrations through features such as MCP gateways, agent management, and workflow automation. Runlayer helps organizations monitor AI usage, manage permissions, protect sensitive data, and control agent activities through security and governance capabilities. The company supports AI adoption by connecting enterprise systems with AI tools while providing visibility, compliance, and operational oversight. Runlayer serves businesses looking to integrate AI agents into daily operations with structured access, security controls, and scalable management."
Prosper AI,https://www.crunchbase.com/organization/prosper-ai-70ea,"New York, New York, United States",2023-01-01,year,"Agentic AI, Artificial Intelligence (AI), Health Care, SaaS, Scheduling",2026-06-22,30000000,USD,30000000,Prosper AI utilizes AI voice agents to automate tasks like scheduling and eligibility verification.,https://www.getprosper.ai,,https://www.linkedin.com/company/prospertechnologies,"Josep Marc Mingot, Xavier de Gracia",3,Series A,35000000,USD,35000000,"Andreessen Horowitz, Base10 Partners, Emergence Capital, Y Combinator, CRV","Andreessen Horowitz, Emergence Capital","Prosper AI develops AI-powered voice agents that automate patient and payor communications for healthcare organizations. Its platform supports tasks such as appointment scheduling, patient intake, benefits verification, billing inquiries, claim follow-ups, and prior authorization management through conversational phone interactions. The system integrates with electronic health record and practice management systems, allowing it to retrieve and update information without manual data entry. Prosper AI also includes quality assurance capabilities that review calls for accuracy, compliance, and performance, while offering analytics to monitor operations. The company serves healthcare providers, health systems, medical billing organizations, pharmaceutical companies, and other healthcare partners seeking to manage high volumes of administrative calls more efficiently."
Predoc,https://www.crunchbase.com/organization/memr-health,"New York, New York, United States",2022-02-01,day,"Analytics, Artificial Intelligence (AI), Electronic Health Record (EHR), Health Care, Medical",2025-09-02,30000000,USD,30000000,Predoc provides an AI-native platform for medical record retrieval and analysis and health information management.,https://www.predoc.ai,https://x.com/predoc_ai,https://www.linkedin.com/company/predocai,"Alex Daniels, Kaushal Kulkarni, Nishant Hari, Priya Mehta",3,Series A,36425000,USD,36425000,"Northzone, Operator Partners, Eniac Ventures, (ERA) Entrepreneurs Roundtable Accelerator, Travis May","Base 10 Ventures, (ERA) Entrepreneurs Roundtable Accelerator, Northzone","Predoc provides an AI-native platform for medical record retrieval and analysis and health information management. The company offers a range of services, including medical record retrieval, record indexation (from both structured and unstructured data), and medical record analysis. Its platform replaces manual health information management with intelligent, end-to-end automation connecting and transforming all formats and sources of clinical data, even faxed medical record PDFs, into digestible clinical insights that amplify, but are not meant to replace, clinical judgment."
Didero,https://www.crunchbase.com/organization/didero,"New York, New York, United States",2023-12-01,month,"Artificial Intelligence (AI), Industrial Automation, Procurement, Supply Chain Management",2026-02-12,30000000,USD,30000000,Didero is a software company that uses an AI procurement agent to automate supply chain processes for manufacturers and distributors.,https://www.didero.ai,,https://www.linkedin.com/company/didero-ai/,"Lorenz Pallhuber, Tim Spencer, Tom Petit",2,Series A,37000000,USD,37000000,"Headline, BoxGroup, First Round Capital, Chemistry, Construct Capital","Chemistry, First Round Capital, Headline","Didero is a software company that uses an AI procurement agent to automate supply chain processes for manufacturers and distributors. The platform functions within current systems and communications to manage essential procurement processes, assisting customers in enhancing visibility, accelerating order cycles, and minimizing operational costs throughout intricate supply chains."
Brandlight,https://www.crunchbase.com/organization/brandlight-6a6b,"New York, New York, United States",2024-01-01,year,"Artificial Intelligence (AI), Brand Marketing, Digital Marketing, Information Technology, Market Research",2026-02-11,30000000,USD,30000000,"Brandlight is a digital technology company that provides an AI-driven platform for monitoring, analyzing, and optimizing how brands appear.",https://www.brandlight.ai,https://x.com/brandlightai,https://www.linkedin.com/company/brandlightai,"Didi Dvash, Imri Marcus, Uri Gafni",2,Series A,35750000,USD,35750000,"Cardumen Capital, Pelion Venture Partners, G20 Ventures","Cardumen Capital, G20 Ventures, Pelion Venture Partners","Brandlight is a digital technology company that provides an AI-driven platform for monitoring, analyzing, and optimizing how brands appear and are represented across AI-generated search and conversational results on platforms. Its platform tracks real-time AI visibility signals, including brand mentions, sentiment, share of voice, and citation sources, to help marketing, content, and brand teams understand how AI models reference their content and narratives. Brandlight also offers analytics and governance tools that enable users to assess competitive context, identify content opportunities, and align AI-facing messaging with brand strategy. The company works with enterprise clients to integrate insights into digital strategies that bridge traditional SEO with emerging AI discovery workflows and support decision-making around content optimization and brand presence in AI-mediated interactions. Brandlight’s technology emphasizes multi-engine coverage and structured visibility intelligence tailored to evolving AI search landscapes."
exacare ai,https://www.crunchbase.com/organization/exacare,"New York, New York, United States",2022-01-01,year,"Artificial Intelligence (AI), Health Care, Information Technology, Software",2025-10-16,30000000,USD,30000000,"Exacare ai is the leading AI platform for post-acute care, helping teams accelerate admissions decisions and maximize reimbursement",https://www.exacare.com/,,https://www.linkedin.com/company/exa-care,"Ben Willox, Laird Russell",3,Series A,36500000,USD,36500000,"Insight Partners, Foundation Capital, 1984 Ventures, Bienville Capital, Anonymous  ","Foundation Capital, Insight Partners","Exacare ai is the leading AI platform for post-acute care operations. The exacare ai platform, which helps providers operate more efficiently and maximize reimbursement, is used across the United States to streamline referrals, analyze admissions packets, and manage reimbursement workflows. Exacare’s AI-powered capabilities accelerate decision-making, helping care teams respond faster, reduce administrative burden, improve accuracy, and capture more revenue. Exacare ai is a private company with more than 2,000 facilities and agencies as customers, including Ignite Medical Resorts, Pearl Healthcare, and Prestige Care. Learn more at exacare.com"
Fig Security,https://www.crunchbase.com/organization/fig-security,"New York, New York, United States",2025-01-01,year,"Cyber Security, Network Security, Security",2026-03-03,30000000,USD,30000000,Fig Security is a cybersecurity startup that detects gaps in operational data security infrastructure and maintains functionality.,https://www.fig.security,,https://www.linkedin.com/company/fig-security,"Gal Shafir, Nir Loya Dahan, Roy Haimof",2,Series A,38000000,USD,38000000,"Team8, Ten Eleven Ventures, RSA Conference, René Bonvanie, Douglas Merritt","RSA Conference, Team8, Ten Eleven Ventures","Fig Security specializes in enhancing Security Operations Resilience, ensuring detection and response remain effective amid constant changes in the security landscape. The company’s solution continuously maps how security data travels through an environment’s tools and systems, monitors for unplanned drift or configuration shifts, and alerts teams to potential issues before they affect operations. It also offers capabilities to simulate planned updates, test fixes, and deploy adjustments across existing security stacks. Fig Security’s technology works with a wide range of security infrastructure components to trace data lineage and support teams in preserving operational integrity amid evolving environments."
Stuut,https://www.crunchbase.com/organization/stuut,"New York, New York, United States",2024-01-01,day,"Artificial Intelligence (AI), Financial Services, FinTech, Software",2025-11-20,29500000,USD,29500000,Stuut provides an AI platform that automates accounts receivable work for companies.,https://www.stuut.ai,https://x.com/StuutAI,https://www.linkedin.com/company/stuut-inc,"Ben Winter, Miraj Mohsin, Tarek Alaruri",4,Series A,35500000,USD,35500000,"Andreessen Horowitz, Sequoia Capital, Khosla Ventures, Vesey Ventures, 1984 Ventures","Activant Capital, Andreessen Horowitz, Valley Ventures","Stuut provides an AI platform that automates accounts receivable work for companies. The company offers an AI-based automation platform specialized in accounts receivable (AR) management. Its system autonomously handles customer outreach via email, SMS, and voice to collect overdue invoices, proactively reducing manual collections work. The platform matches incoming payments to the correct invoices within the ERP, eliminating tedious reconciliation tasks. Stuut also resolves customer disputes and deductions by gathering documentation and maintaining context across interactions. Its AI agents learn each customer’s payment behavior, becoming more effective over time. The company’s technology deploys quickly—Stuut claims implementation in days—and integrates with existing financial systems to boost cash flow and free AR teams from repetitive tasks."
BranchLab,https://www.crunchbase.com/organization/branchlab,"New York, New York, United States",2024-01-01,year,"Artificial Intelligence (AI), Health Care, Marketing",2026-05-13,28784986,USD,28784986,The AI Platform for Pharma Commercialization,https://branchlab.com/,,https://www.linkedin.com/company/branch-lab/,"Chris Cagle, Josh Walsh, Michael Parkes",3,Series A,28784986,USD,28784986,"nvp capital, Sanofi Ventures, AIX Ventures, Swift Ventures, FCA Venture Partners","McKesson Ventures, NEXT VENTŪRES, nvp capital",The AI Platform for Pharma Commercialization
Bold Security,https://www.crunchbase.com/organization/bold-security,"New York, New York, United States",2024-01-01,year,"Artificial Intelligence (AI), Cyber Security, Software",2026-03-12,28000000,USD,28000000,Bold is a cybersecurity company that develops AI software to monitor device activity and detect unusual behavior linked to security threats.,https://www.bold.security/,,https://www.linkedin.com/company/bold-security/,"Hadar Krasner, Nati Hazut, Omri Mallis",2,Series A,40000000,USD,40000000,"Bessemer Venture Partners, Picture Capital, Operator Partners, Red Dot Capital Partners, Cerca Partners","Bessemer Venture Partners, Picture Capital, Red Dot Capital Partners",
Hera,https://www.crunchbase.com/organization/hera-f6b8,"New York, New York, United States",2024-01-01,year,"Elder Care, Health Care, Information Technology, Medical, Software",2026-06-25,27000000,USD,27000000,Hera is a healthcare technology company that provides Medicare-covered care management services for older adults and their families.,https://hellohera.com/,https://x.com/hellotohera,https://www.linkedin.com/company/hellohera,"Jenny Lee, Myles Novick",2,Series A,34200000,USD,34200000,"Accel, BoxGroup, Bain Capital Ventures, IA Ventures, Vincent Tammaro","Accel, Bain Capital Ventures","Hera is a healthcare technology company that provides Medicare-covered care management services for older adults and their families. The company connects families with dedicated care managers, known as ""Heroes,"" who coordinate medical, logistical, and social aspects of care to help aging adults remain healthy and independent. Its services are designed to bridge the gap between clinical care and everyday needs by guiding families through healthcare decisions, coordinating providers, and accessing community resources. The company's care management model includes coordinating appointments, managing medications, arranging home care and medical equipment, facilitating communication among healthcare providers, and helping families navigate insurance benefits and long-term care planning. By integrating with healthcare systems and leveraging Medicare's care management benefits, Hera aims to make comprehensive care coordination accessible at little or no out-of-pocket cost for eligible patients."
Hanover Park,https://www.crunchbase.com/organization/hanover-park,"New York, New York, United States",2024-01-01,year,"Analytics, Artificial Intelligence (AI), Data Collection and Labeling, Enterprise Resource Planning (ERP), Financial Services, Information Technology, Software",2026-03-18,27000000,USD,27000000,Hanover Park is a software company that develops AI-native ERP solutions.,https://www.hanoverpark.com,https://x.com/hanover_hq,https://www.linkedin.com/company/hanoverpark,Chris Hladczuk,2,Series A,27000000,USD,27000000,"Emergence Capital, Lux Capital, Susa Ventures",Emergence Capital,"Hanover Park is an information technology company that offers fund administration, portfolio management, artificial intelligence, enterprise resource planning, analytics, data collection, and SaaS services."
Nas.com,https://www.crunchbase.com/organization/nas-io,"New York, New York, United States",2022-02-01,day,"Agentic AI, Digital Marketing, Digital Media, E-Commerce Platforms, Email Marketing, Video",2026-04-08,27000000,USD,27000000,"Nas.com is a platform where you snap a photo and AI builds your store, runs your marketing, and finds you customers, in seconds.",https://nas.com,https://x.com/nascommunities?lang=en,https://www.linkedin.com/company/nas-iocommunity,Nuseir Yassin,3,Series A,50000000,USD,50000000,"Lightspeed Venture Partners, Khosla Ventures, 500 Global, BECO Capital, Pitango VC","BECO Capital, Khosla Ventures, Lightspeed Venture Partners, Pitango VC","Nas.com is the fastest way to launch and market an online store. Snap a photo and AI builds your store, runs your marketing, and finds customers for you. Nas.com builds your entire online store in seconds. Your listings, your storefront, your ads, your content. All done for you by AI. Unlike Shopify or Etsy, Nas.com doesn't just host your store, it actually helps you with marketing.  350,000 people across 150+ countries are already selling on Nas.com. Time to work for yourself on Nas.com"
Translucent AI,https://www.crunchbase.com/organization/translucent-ai,"New York, New York, United States",2024-01-01,year,"Artificial Intelligence (AI), Financial Services, Health Care",2026-03-11,27000000,USD,27000000,Translucent AI develops an AI-powered financial platform tailored for healthcare operators.,https://www.translucent.co/,,https://www.linkedin.com/company/translucentai,Jack O'Hara,2,Series A,34000000,USD,34000000,"New Enterprise Associates, FPV Ventures, Google Ventures, Virtue, Redesign Health","Google Ventures, New Enterprise Associates","Translucent AI develops an AI-powered financial platform tailored for healthcare operators. The system automates financial reporting, consolidates data from various service lines, and provides real-time insights to support decision-making. It integrates with existing financial systems to streamline operations and reduce reliance on manual processes. The platform is designed to handle complex healthcare financial workflows and is built with security and compliance in mind. Translucent AI aims to enhance financial transparency and operational efficiency for healthcare organizations."
Firsthand,https://www.crunchbase.com/organization/firsthand-a04c,"New York, New York, United States",2023-09-01,month,"Artificial Intelligence (AI), Information Technology, Marketing",2025-03-04,26000000,USD,26000000,Firsthand operates as an AI agent platform built for brands & publishers.,https://www.firsthand.ai/,,https://www.linkedin.com/company/firsthand-labs/,"Jon Heller, Michael Rubenstein, Sara Wallace, Wei Wei",2,Series A,32600000,USD,32600000,"Radical Ventures, FirstMark, AperiamVentures, Crossbeam Venture Partners, Brian O'Kelley",Radical Ventures,Firsthand operates as an AI agent platform built for brands & publishers.
Taxwire,https://www.crunchbase.com/organization/taxwire,"New York, New York, United States",2023-05-17,day,"Artificial Intelligence (AI), Compliance, Financial Services, FinTech, SaaS",2026-06-30,25000000,USD,25000000,"Taxwire is a sales tax platform that combines automation and managed services to handle calculating, registering, and filing taxes.",https://www.taxwire.com,https://x.com/taxwire_inc,https://www.linkedin.com/company/taxwire,"Andrew Rea, Steven Schmatz",3,Series A,37900000,USD,37900000,"Headline, XYZ Venture Capital, Analog Ventures, Recall Capital, NOMO Ventures","Headline, NOMO Ventures, Vinyl Capital, XYZ Venture Capital","Taxwire provides software and managed services for sales tax and indirect tax compliance. Its platform helps businesses calculate tax, determine tax obligations, manage registrations, automate tax filings and payments, and maintain compliance across multiple jurisdictions. The platform integrates with billing, commerce, and accounting systems to support tax calculation, reporting, and exemption certificate management. Taxwire also combines its software with tax professionals who assist customers with compliance decisions, regulatory requirements, and audit-related processes. It serves organizations operating across the United States and international markets that require automated sales tax, VAT, and GST compliance."
Monk,https://www.crunchbase.com/organization/monk-b5a0,"New York, New York, United States",2024-01-01,year,"Financial Services, FinTech",2026-04-21,25000000,USD,25000000,Monk automates invoice follow-ups and collections to help businesses improve cash flow and efficiency.,https://monk.com/,https://x.com/usemonk,https://www.linkedin.com/company/monk-finance,"George Kurdin, Joe Zhou",2,Series A,29000000,USD,29000000,"Acrew Capital, Footwork, Better Tomorrow Ventures, GTMfund, Rerail","Acrew Capital, Better Tomorrow Ventures, Footwork","Monk is an accounts receivable automation platform designed to help modern finance teams streamline invoice follow-ups and improve collections efficiency. As businesses scale, managing receivables manually becomes time-consuming and inconsistent, often leading to delayed payments and unpredictable cash flow. Monk addresses this challenge by automating the entire collections workflow, allowing companies to stay on top of outstanding invoices without increasing operational overhead. The platform enables finance teams to create structured follow-up sequences, ensuring that every customer receives timely and consistent communication. Instead of relying on manual reminders or scattered spreadsheets, Monk centralizes all collections activities into a single system. This improves visibility into receivables, reduces missed follow-ups, and helps teams take action proactively. Monk also focuses on improving the quality of customer communication. By enabling personalized and well-timed outreach, businesses can maintain strong relationships while still ensuring payments are collected efficiently. This balance between automation and thoughtful communication helps reduce friction in the collections process. With integrations across accounting systems and payment platforms, Monk fits seamlessly into existing finance workflows. It allows businesses to connect their invoicing data, track payment status in real time, and optimize their collections strategy based on performance insights. Ultimately, Monk helps companies accelerate cash flow, reduce manual effort, and build a more predictable financial operation. It is particularly valuable for growing businesses that need to scale their finance processes without adding headcount."
Alta,https://www.crunchbase.com/organization/alta-eab5,"New York, New York, United States",2023-01-01,year,"Artificial Intelligence (AI), Data Management, Software",2026-07-08,25000000,USD,25000000,Alta leverages data and AI to drive business growth 24/7.,https://www.altahq.com/,,https://www.linkedin.com/company/altahqdotcom/about/,"Mor Shabtai, Stav Neumark, Tom Hoffen",2,Series A,32000000,USD,32000000,"Entrée Capital, Target Global, Mindset Ventures, IN Venture, Skywell Capital Partners","Entrée Capital, IN Venture, Target Global",Alta leverages data and AI to drive business growth 24/7.
Astelia,https://www.crunchbase.com/organization/astelia-349f,"New York, New York, United States",2024-01-01,year,"Agentic AI, Computer, Cyber Security, Network Security",2026-02-24,25000000,USD,25000000,Astelia is an AI-native exposure management tool that allows enterprises to concentrate on vulnerabilities that are actually exploitable.,https://www.astelia.io/,,https://www.linkedin.com/company/astelia-security/,"Alon Noy, Nadav Ostrovsky, Roy Rajwan",3,Series A,35000000,USD,35000000,"Team8, Index Ventures, Holly Ventures, AWS & Crowdstrike Cybersecurity Accelerator","AWS & Crowdstrike Cybersecurity Accelerator, Holly Ventures, Index Ventures",Astelia uses patented agentic AI to examine the technical requirements for exploitation after mapping and modeling your network topology through integrations with infrastructure and network technologies.
Teleskope,https://www.crunchbase.com/organization/teleskope-c1a4,"New York, New York, United States",2022-01-01,year,"Artificial Intelligence (AI), Compliance, Security, Software",2025-11-03,25000000,USD,25000000,"Teleskope provides a data protection platform that automates data security, privacy, and compliance across organizational environments.",https://www.teleskope.ai,,https://www.linkedin.com/company/teleskopeai,"Elizabeth Nammour, Julie Trias",3,Series A,32200000,USD,32200000,"Plug and Play, Primary Venture Partners, Lerer Hippeau, Essence VC, M13","Lerer Hippeau, M13, Primary Venture Partners","Teleskope presents a data protection platform that focuses on automating the lifecycle of data security, privacy and compliance across an organization’s data environment. The platform enables continuous discovery and cataloguing of data assets spanning cloud, codebase and vendors, with classification of more than 150 sensitive entity types including PII, PHI, and PCI. It supports automated remediation actions (such as redaction or encryption) and integrates into development pipelines to stream-line prevention of vulnerabilities. Teleskope also provides governance capabilities for AI ecosystems by linking datasets to AI models, managing data flows, and enforcing policies for safe AI adoption."
GovWell,https://www.crunchbase.com/organization/govwell-technologies,"New York, New York, United States",2023-04-01,month,"Artificial Intelligence (AI), GovTech, Information Technology, SaaS, Software",2026-05-14,25000000,USD,25000000,GovWell is an AI operating system for municipal and county governments to improve service delivery and build public trust.,http://www.govwell.com,,https://www.linkedin.com/company/govwell,"Ben Cohen, Troy LeCaire",3,Series A,34500000,USD,34500000,"Insight Partners, Work-Bench, Bienville Capital, Chris Bullock, Andreas Huber","Bienville Capital, Insight Partners, Work-Bench","GovWell is a software company that provides a cloud-based platform designed to help local governments manage public services more efficiently. It focuses on digitizing and organizing workflows related to permitting, licensing, planning, zoning, and code enforcement. The platform is used by municipal and county agencies to process applications, track inspections, and manage approvals in a more structured system. It also offers tools that allow residents and businesses to submit requests, make payments, and monitor the status of their applications online. Overall, GovWell is aimed at improving how government agencies handle administrative processes and interact with the public."
Casap,https://www.crunchbase.com/organization/casap-4f63,"New York, New York, United States",2023-01-01,year,"Finance, Fraud Detection, Risk Management, Software",2025-08-07,25000000,USD,25000000,Casap provides a copilot and collaboration platform for automating disputes and preventing fraud for financial institutions.,https://casaphq.com,,https://www.linkedin.com/company/casaphq,"Saisi Peter, Shanthi Shanmugam",4,Series A,33600000,USD,33600000,"Lightspeed Venture Partners, Primary Venture Partners, Emergence Capital, Curql, SoFi","Curql, Emergence Capital, Lightspeed Venture Partners, Primary Venture Partners","Casap is an AI-powered platform that helps financial institutions automate disputes and reduce fraud. The company's platform offers a copilot and collaboration tool to streamline the dispute process, improve recovery rates, and identify patterns of fraud. Casap also provides built-in regulatory expertise and support for various transaction types."
Avantos,https://www.crunchbase.com/organization/avantos,"New York, New York, United States",2024-01-01,year,"Artificial Intelligence (AI), Financial Services, FinTech, SaaS",2026-02-18,25000000,USD,25000000,Avantos is an AI-native operating system that systematizes and institutionalizes client data for financial services firms.,https://avantos.ai,,https://www.linkedin.com/company/avantos-ai,"Bassam Chaptini, Rabih Ramadi",2,Series A,35000000,USD,35000000,"Bessemer Venture Partners, Blue Collective, E14 Fund, M13, Mercer Advisors","Bessemer Venture Partners, E14 Fund","Avantos is an AI-native operating system built on a knowledge graph that connects client data, products, teams, and work into a single, continuously updated system of context. This allows AI agents to reason across relationships, plan next steps, and take action with an understanding of where each client stands, what’s required, who’s involved, and what needs to happen next. The company's AI-native operating system systematizes and institutionalizes client data for financial services firms, enabling them to deliver better client experiences across wealth, protection, and retirement businesses."
Camp Network,https://www.crunchbase.com/organization/camp-network-901e,"New York, New York, United States",2023-01-01,year,"Artificial Intelligence (AI), Blockchain, Cryptocurrency, FinTech",2025-04-29,25000000,USD,25000000,Camp Network is a purpose-built Layer 1 blockchain to power AI agents.,https://www.campnetwork.xyz,https://x.com/campnetworkxyz,https://www.linkedin.com/company/campnetwork,Nirav Murthy,3,Series A,30000000,USD,30000000,"Ethena, Blockchain Capital, Celestia, Lattice Fund, Selini Capital","1kx, Blockchain Capital, Maven 11 Capital",
Sea12 Technologies,https://www.crunchbase.com/organization/sea12-technologies,"New York, New York, United States",2024-01-01,year,"Artificial Intelligence (AI), Enterprise Software, Machine Learning, Software",2026-03-17,24932968,USD,24932968,Sea12 Technologies delivers AI-powered knowledge tools that support manufacturing operations and safety decisions.,https://www.sea12.co,,https://www.linkedin.com/company/sea12-tech,Charles Englander,1,Series A,24932968,USD,24932968,Caffeinated Capital,Caffeinated Capital,"Sea12 Technologies develops AI-powered knowledge systems that help industrial and manufacturing organizations access operational and safety information through natural language interfaces. Its platform ingests company documents, procedures, and historical data to create an internal knowledge ecosystem tailored to each customer. The software surfaces relevant instructions, policies, and troubleshooting guidance directly on the factory floor and in control rooms, supporting frontline workers and decision-makers. Sea12 Technologies focuses on scenarios where safety rules, operating standards, and production practices change frequently, enabling teams to stay aligned with current requirements. The company offers roles such as forward deployed engineers and platform engineers, indicating services that include on-site implementation, integration with existing systems, and continuous optimization of its orchestration platform. Design and brand roles suggest ongoing development of user experience and communication around complex industrial workflows."
Daytona,https://www.crunchbase.com/organization/daytona-4480,"New York, New York, United States",2023-01-01,year,"Artificial Intelligence (AI), Cloud Infrastructure, Generative AI",2026-02-05,24000000,USD,24000000,"Daytona is cloud infrastructure for AI agents, enabling them to run tools and code autonomously in fast, secure, and isolated environments.",https://www.daytona.io,https://x.com/daytonaio,https://www.linkedin.com/company/daytonaio,"Goran Draganic, Ivan Burazin, Ivan Burazin, Vedran Jukic",5,Series A,38000000,USD,38000000,"FirstMark, 500 Global, Pace Capital, e2vc, Upfront Ventures","FirstMark, Upfront Ventures","Daytona provides secure, elastic, and agent-native cloud infrastructure that enables AI agents to execute tools and code autonomously in isolated environments. Its sandboxes spin up in under 100ms, can run indefinitely, and are designed for strong isolation.  Daytona equips agents with headless APIs for terminals, file systems, Git, and LSP, and supports parallel execution, persistent storage, and declarative image builds.  It’s built for velocity, scales globally, and powers advanced agent use cases across code, data, and game environments."
Raspberry AI,https://www.crunchbase.com/organization/raspberry-ai,"New York, New York, United States",2022-01-01,year,"Artificial Intelligence (AI), Fashion, Product Design, Software",2025-01-13,24000000,USD,24000000,Raspberry AI provides generative AI software for fashion design and merchandising.,https://www.raspberry.ai,,https://www.linkedin.com/company/raspberry-ai,Cheryl Liu,2,Series A,28500000,USD,28500000,"Andreessen Horowitz, Khosla Ventures, Correlation Ventures, Greycroft, MVP Ventures","Andreessen Horowitz, Greycroft, Khosla Ventures",Raspberry AI offers software that utilizes generative AI to enhance fashion design and merchandising processes. The platform helps fashion brands quickly understand consumer demand and create appealing designs.
Edra,https://www.crunchbase.com/organization/edra-d38d,"New York, New York, United States",2024-01-01,year,"Artificial Intelligence (AI), Enterprise Software",2026-03-18,23800000,USD,23800000,"Edra AI is an automation platform that analyzes existing company data such as tickets, logs, and messages.",https://edra.ai/,,https://www.linkedin.com/company/edra-ai/,Eugen Alpeza,2,Series A,30300000,USD,30300000,"Sequoia Capital, 8VC, A*, HubSpot Ventures","8VC, A*, Sequoia Capital","Edra AI is an automation platform that analyzes existing company data such as tickets, logs, and messages."
Finch Legal,https://www.crunchbase.com/organization/finch-legal,"New York, New York, United States",2024-01-01,year,"Artificial Intelligence (AI), Information Technology, Legal Tech, Software",2025-06-16,23699985,USD,23699985,Finch Legal is a software development company that supports personal injury law firms.,https://www.finchlegal.com/,https://x.com/finchlegal,https://www.linkedin.com/company/finchlegal,"Ben Weems, Viraj Bindra",2,Series A,23699985,USD,23699985,"Sequoia Capital, Khosla Ventures, Redpoint, Liquid 2 Ventures, Liquid 2 Ventures","Redpoint, Sequoia Capital","Finch Legal is a software development company that supports personal injury law firms. The company aims to provide practical and effective legal solutions, as suggested by its commitment to serving clients better and more efficiently."
Sandbar,https://www.crunchbase.com/organization/sandbar-92c3,"New York, New York, United States",2023-01-01,year,"Artificial Intelligence (AI), Consumer Electronics, Consumer Software, Software",2026-03-10,23000000,USD,23000000,"Sandbar creates voice, gesture, and wearable tools to help capture ideas and connect thoughts to digital actions.",https://sandbar.com/,https://x.com/sandbar,https://www.linkedin.com/company/sandbarinc/,"Kirak Hong, Mina Fahmi",2,Series A,36000000,USD,36000000,"Betaworks, Kindred Ventures, True Ventures, Upfront Ventures, Collaborative Fund","Adjacent, Kanyi Maqubela, Kindred Ventures","Sandbar provides an interface platform that enables users to extend their cognitive and creative workflows by integrating voice, gesture, and haptic interactions. The company develops the core product Stream, which functions as a conversational extension of thought, capturing ideas, organizing notes, and facilitating hands-free music control through gestures. In addition, it offers the Stream Ring, a wearable device that pairs with Stream to enable voice-activated control, capturing and organizing information in real time. The technology bridges the gap between internal thinking and external action, aiming to make idea generation and expression more fluid. Its services include product design, software integration, and support for gesture- and voice-based interfaces tailored to individual workflows."
DataLane,https://www.crunchbase.com/organization/datalane-dbd9,"New York, New York, United States",2023-12-01,month,"Artificial Intelligence (AI), Developer Tools, Information Technology, Software",2025-12-16,22500000,USD,22500000,DataLane utilizes AI to transform unstructured local business data into organized contact information and market insights.,https://www.datalane.com,,https://www.linkedin.com/company/datalaneco,"David Patterson-Cole, Ganesh Thirumurthi",2,Series A,22500000,USD,22500000,"Basis Set Ventures, Flybridge, Amplify Partners, Mischief, Harry Stebbings","Amplify Partners, Basis Set Ventures","DataLane provides an AI-driven go-to-market platform that turns unstructured local business data into structured contact information and market intelligence for sales teams targeting the offline economy. It uses machine learning models to extract and verify business and decision-maker details from diverse sources, enrich CRM records, and support campaign orchestration. The platform helps identify new accounts, segment markets, clean duplicate records, and integrate intelligence into sales workflows. DataLane delivers structured business profiles and decision-maker contacts into tools like Salesforce or Snowflake for outreach and analysis. It also emphasizes privacy controls and SOC 2-compliant handling of business contact data for professional use."
Utila,https://www.crunchbase.com/organization/utila-1da8,"New York, New York, United States",2022-01-01,year,"Asset Management, Blockchain, Cyber Security, Financial Services",2025-09-03,22000000,USD,22000000,"Utila provides a digital asset management platform for institutions to securely store, transfer, and manage digital assets.",https://utila.io,https://x.com/utila_io,https://www.linkedin.com/company/utila-io,"Bentzi Rabi, Sam Eiderman",5,Series A,51549998,USD,51549998,"Wing Venture Capital, Framework Ventures, Gaingels, StarkWare Industries, K5 Global","Intel Ignite, NFX, Nyca Partners, Red Dot Capital Partners, Wing Venture Capital","Utila provides a digital asset management platform for institutions to securely store, transfer, and manage digital assets. It uses Multi-Party Computation (MPC) technology to enhance security and control across multiple blockchains and wallets. The platform supports trading operations, payments, Treasury management, and tokenization. Utila also offers APIs and an SDK for developers to integrate its services into custom applications."
Kredete,https://www.crunchbase.com/organization/kredete,"New York, New York, United States",2022-09-13,day,"Credit, Financial Services, FinTech, Mobile Payments, Payments",2025-09-15,22000000,USD,22000000,Kredete offers financial tools helping African immigrants in the U.S. transfer money globally and build credit.,https://www.kredete.io,https://x.com/kredete,https://www.linkedin.com/company/kredete,Adeola Adedewe,5,Series A,24765000,USD,24765000,"Launch Africa, Techstars, Cathay Innovation, Partech, Blockchain Founders Fund","AfricInvest, Blockchain Founders Fund, Launch Africa, Visa Inclusive Fintech Accelerator","Kredete provides a suite of financial tools that enable African immigrants in the U.S. to send and receive money internationally while also building credit. The company facilitates mobile banking (including savings, debit cards, cash advances, and in-app payment services), mobile transfers and top-ups, plus credit building via on-time credit, transaction, and rent reporting. It also offers business solutions (merchant tools, checkout, and API), crypto services (buying, selling, transfers, rewards, borrowing), and an AI-assistant for budgeting, predictive analysis, spending & credit simulation. Kredete operates via licensed U.S. financial partners and integrates compliance, security measures like two-factor authentication, and FDIC insurance for eligible accounts."
Silna Health,https://www.crunchbase.com/organization/silna-health,"New York, New York, United States",2023-01-01,year,"Artificial Intelligence (AI), Health Care, Information Technology, Therapeutics",2025-03-25,22000000,USD,22000000,"Silna Health builds proactive tools that handle all prior authorizations, benefit checks and insurance monitoring upfront.",https://www.silnahealth.com/,https://x.com/SilnaHealth/,https://www.linkedin.com/company/silna-health/,"Jeffrey Morelli, Pavel Asparouhov, Sagar Jajoo",2,Series A,27000000,USD,27000000,"Accel, Bain Capital Ventures, Sara Du, Andrew Tan","Accel, Bain Capital Ventures","Silna Health builds proactive tools that handle all prior authorizations, benefit checks and insurance monitoring upfront to make sure patients are actually clear to receive care."
TidalWave,https://www.crunchbase.com/organization/tidalwave-7da2,"New York, New York, United States",2023-03-01,month,"Agentic AI, Artificial Intelligence (AI), FinTech, Lending, Mortgage",2025-11-14,22000000,USD,22000000,"TidalWave is an agentic AI platform that helps in the mortgage process by automating document review, data entry, and loan processing.",https://www.tidalwave.ai,https://x.com/tidalwave_ai,https://www.linkedin.com/company/tidalwave-ai/,"Cheng Li, Chris McLendon, Diane Yu, Jack Deng",1,Series A,22000000,USD,22000000,"Engineering Capital, D.R. Horton, Permanent Capital Partners",Permanent Capital Partners,"Tidalwave.ai is a New York–based mortgage technology startup building agentic AI software for lenders and borrowers. Its platform automates parts of mortgage origination, including document review, data extraction, borrower communication, underwriting support, and income/asset verification. It integrates with systems such as Fannie Mae and Freddie Mac, as well as verification providers like Plaid."
Spiral,https://www.crunchbase.com/organization/f-ulcrum-technologies,"New York, New York, United States",2023-01-01,month,"Analytics, Artificial Intelligence (AI), Cloud Data Services, Computer Vision, Database, Data Governance, Data Integration, Data Management, Data Storage, Machine Learning",2025-09-11,22000000,USD,22000000,Spiral is building warehousing for complex data at machine scale.,https://spiraldb.com,https://x.com/SpiralDB,https://www.linkedin.com/company/spiraldb,,2,Series A,22000000,USD,22000000,"General Catalyst, BoxGroup, Amplify Partners, Operator Partners","Amplify Partners, General Catalyst",Spiral is building multimodal warehousing that works with the tools you love.
Conduit Health,https://www.crunchbase.com/organization/conduit-health,"New York, New York, United States",2023-01-01,year,Health Care,2026-03-17,21859987,USD,21859987,"Conduit Health provides telehealth DME access and telepsychiatry consultations, connecting patients and providers online.",https://www.conduithealth.com,,https://www.linkedin.com/company/conduithealth/,Rocky Seftel,2,Series A,21859987,USD,21859987,"Twelve Below, Eniac Ventures, Drive Capital, Nihal Mehta, XYZ Ventures",Drive Capital,
Tapstitch,https://www.crunchbase.com/organization/tapstitch,"New York, New York, United States",2023-01-01,year,"Apparel, E-Commerce, Fashion, Manufacturing",2025-05-02,21804026,USD,21804026,Tapstitch is an apparel manufacturer that empowers entrepreneurs to start and scale successful fashion brands.,https://www.tapstitch.com/,,https://www.linkedin.com/company/tapstitch/,Joe Zhou,2,Series A,21804026,USD,21804026,"Forerunner, Alpaca VC, XVC, Creator Ventures, irrvntVC",,"Tapstitch is the all-in-one solution that empowers entrepreneurs to start and scale successful fashion brands. It takes care of manufacturing, inventory, and fulfillment, so our customers can focus on building the businesses of their dreams."
Method Security,https://www.crunchbase.com/organization/method-security,"New York, New York, United States",2023-09-01,day,"Artificial Intelligence (AI), Cyber Security, SaaS, Security, Software",2025-11-19,21500000,USD,21500000,"Method Security develops AI security platform that helps enterprises test, monitor, and AI applications, models, and agentic workflows.",https://www.method.security/,https://x.com/method_security,https://www.linkedin.com/company/method-security/,,2,Series A,26000000,USD,26000000,"Andreessen Horowitz, General Catalyst, WndrCo, Angel Collective, Forward Deployed Venture Capital","Andreessen Horowitz, General Catalyst","Method Security is a developer of an AI security platform designed to protect enterprise AI applications, models, and agentic workflows. The company provides AI risk assessments, red teaming, continuous security monitoring, vulnerability detection, and governance tools, enabling organizations to identify threats, validate AI deployments, and strengthen the security of AI systems."
Niural,https://www.crunchbase.com/organization/niural,"New York, New York, United States",2022-06-01,month,"Artificial Intelligence (AI), FinTech, Human Resources, Payments, Recruiting",2026-06-23,21000000,USD,21000000,"Niural is an AI-native global PEO platform that unifies payroll, compliance, and payment operations into a single intelligent system.",https://www.niural.com,https://x.com/niuralhq,https://www.linkedin.com/company/niural,"Brabim Baral, Nabin Banskota, Nami Baral, Sarin Regmi",3,Series A,52000000,USD,52000000,"Hustle Fund, Inspired Capital Partners, NewView Capital, GS Futures, M13",Marathon Management Partners,"Niural is an AI-native global PEO platform that unifies payroll, compliance, and payment operations into a single intelligent system. Its executional AI coworker, EMMA, streamlines complex HR and finance workflows, enabling businesses to save hours per month, reduce HR and FX costs, and cut payroll errors."
Solstice Health,https://www.crunchbase.com/organization/solstice-health,"New York, New York, United States",2022-01-01,year,"Artificial Intelligence (AI), Electronic Health Record (EHR), Health Care, Medical, Oncology",2026-05-28,21000000,USD,21000000,Solstice Health is an AI life sciences marketing platform that offers a clinical data retrieval platform for oncology practice.,https://www.solsticehealth.co,,https://www.linkedin.com/company/solsticehealth,Aris Saxena,3,Series A,24500000,USD,24500000,"Transformation Capital, Virtue, Twelve Below, Edward Lando, Pareto Holdings",Transformation Capital,"Solstice Health is an AI-powered SaaS platform designed for life sciences marketing teams. It accelerates content creation, evaluation, and distribution, especially personalized marketing materials, while embedding regulatory compliance from the outset."
Wisdom,https://www.crunchbase.com/organization/wisdom-424a,"New York, New York, United States",2023-01-01,year,"Billing, Consulting, Data Management, Dental, Financial Services, Health Care, Insurance, Outsourcing, Software",2025-08-20,21000000,USD,21000000,Wisdom is a full-service billing company that allows dental practices to outsource their insurance collections and patient billing.,https://www.withwisdom.com,,https://www.linkedin.com/company/withwisdom,"Ashley Bond, Stoyan Kenderov",2,Series A,28000000,USD,28000000,"Aquiline Capital Partners, Juxtapose, Permanent Capital Ventures","Juxtapose, Permanent Capital Ventures","Wisdom provides outsourced revenue cycle management services for dental practices, focusing on insurance billing, verification, and patient billing. The company blends industry expertise with technology to manage tasks such as claims submission, claims aging follow-up, payment posting, and denial management. Its teams handle insurance verification with detailed coverage breakdowns, eligibility checks, and plan updates to support accurate treatment planning. Wisdom also manages patient billing workflows, including statements, letters, and phone calls, to follow up on overdue balances. Additional services include fee schedule updates, ledger audits, and predetermination submissions to align reimbursements and financial records with payer requirements. Through these offerings, Wisdom supports dental offices in running billing operations that are structured, documented, and aligned with insurance and patient payment processes."
Novella,https://www.crunchbase.com/organization/novella-df85,"New York, New York, United States",2024-01-01,year,"Artificial Intelligence (AI), Insurance, InsurTech",2026-05-14,21000000,USD,21000000,"Novella is an InsurTech company that develops products for general liability, commercial property, and Lloyd's of London using AI.",https://www.bynovella.com,,https://www.linkedin.com/company/novellainsurance,Max Kane,1,Series A,21000000,USD,21000000,"Alumni Ventures, BoxGroup, SV Angel, Avid Ventures, Brewer Lane Ventures",Brewer Lane Ventures,
Baselayer,https://www.crunchbase.com/organization/baselayer-f1bf,"New York, New York, United States",2023-01-01,year,"B2B, Credit Bureau, Cyber Security, Financial Services, FinTech, Fraud Detection, Identity Management, Information Technology, Software, Virtual Reality",2026-07-30,20000000,USD,20000000,"Baselayer automates B2B risk assessment and eliminates fraud for over 1,900 Financial & Government Institutions.",https://baselayer.com/,https://x.com/baselayerhq,https://www.linkedin.com/company/baselayer/,"Jonathan Awad, Timothy Hyde, William Slessman",4,Series A,47000000,USD,47000000,"Torch Capital, Picus Capital, Comma Capital, Founder Collective, Gilgamesh Ventures","Afore Capital, M13, Picus Capital","Baselayer automates business risk assessment and eliminates B2B fraud for over 1,900 Financial and Government Institutions. It offers services such as business verification (KYB), fraud detection, business onboarding optimization, risk profiling, portfolio monitoring & alerting, and workflow automation. Baselayer empowers 1,900+ financial institutions, government agencies, lenders, and fintech to unlock instant trust with any business in America."
Ostium,https://www.crunchbase.com/organization/ostium,"New York, New York, United States",2022-01-01,year,"Cryptocurrency, FinTech, Trading Platform",2025-12-03,20000000,USD,20000000,Ostium delivers a decentralized trading platform that enables leveraged trading of real-world assets.,https://www.ostium.com/,https://x.com/ostiumlabs,https://www.linkedin.com/company/ostium-labs,Marco Ribiero,2,Series A,23549020,USD,23549020,"General Catalyst, LocalGlobe, Coinbase Ventures, Soma Capital, Susquehanna International Group","General Catalyst, Jump Crypto, LocalGlobe","Ostium delivers a decentralized trading platform that enables leveraged trading of real-world assets, including stocks, commodities, indices, foreign exchange, and cryptocurrencies, directly on-chain. Users maintain self-custody of their funds; trades, liquidity, and fees are publicly visible on a blockchain, removing reliance on traditional brokers. The platform offers up to 200× leverage and supports both long and short positions across a wide range of asset classes. Ostium uses real-time, low-latency price feeds via oracle systems to provide accurate and timely pricing. In addition, it recently introduced a points program that rewards user trading activity, referrals, and liquidity provision by converting on-platform engagement into a points ledger to track participation."
Minerva,https://www.crunchbase.com/organization/minerva-2072,"New York, New York, United States",2023-03-01,day,"Analytics, Artificial Intelligence (AI), Database, Lead Generation",2026-06-09,20000000,USD,20000000,Minerva builds artificial intelligence that understands consumer behavior,https://www.minerva.io,,https://www.linkedin.com/company/tryminerva/,"Jackson Engles, Mathew Joseph",4,Series A,35321983,USD,35321983,"8VC, Soma Capital, The General Partnership, topology, Lingotto",,"Minerva's platform makes consumer behavior observable, predictable and actionable. We help our customers power their go-to-market organizations (both human and agentic) with hyper-granular context on their customers."
Project Eleven,https://www.crunchbase.com/organization/project-11,"New York, New York, United States",2024-01-01,year,"Information Technology, Quantum Computing",2026-01-14,20000000,USD,20000000,Project Eleven is a development company dedicated to advancing post-quantum cryptography solutions.,https://www.projecteleven.com,https://x.com/qdayclock,https://www.linkedin.com/company/p-11,Finn Murphy,2,Series A,26000000,USD,26000000,"Coinbase Ventures, Fin Capital, Variant, Quantonation, Lattice Fund","Castle Island Ventures, Quantonation, Variant",Project Eleven is a development company dedicated to advancing post-quantum cryptography solutions.
Tavily,https://www.crunchbase.com/organization/tavily,"New York, New York, United States",2024-05-12,day,"Artificial Intelligence (AI), Generative AI, Information Technology, Search Engine",2025-08-06,20000000,USD,20000000,Tavily is a search engine for LLMs and RAG that connects AI agents to the real-time web.,https://tavily.com,https://x.com/tavilyai,https://www.linkedin.com/company/tavily,"Assaf Elovic, Rotem Weiss, Yuval Rozio",2,Series A,25000000,USD,25000000,"Insight Partners, Alpha Wave Global","Alpha Wave Global, Insight Partners","Tavily is a search engine for LLMs and RAG that connects AI agents to the real-time web. The company provides a platform that enables AI agents to navigate live web data through a single, developer-friendly search layer. It also supports a wide range of applications, including fraud prevention at major financial institutions, logistics optimization for large-scale shipping providers, and academic research at leading institutions."
Prime Security,https://www.crunchbase.com/organization/prime-security,"New York, New York, United States",2023-12-01,month,"Artificial Intelligence (AI), Cyber Security",2025-12-09,20000000,USD,20000000,AI Agents for Product Security,https://primesec.ai/,,https://www.linkedin.com/company/primesecurityai/,"Danny Hanga, Dimitry Shvartsman, Matan Markovics, Michael Nov",2,Series A,26000000,USD,26000000,"Foundation Capital, Flybridge, Scale Venture Partners, PayPal Ventures, Ofir Ehrlich","Foundation Capital, Scale Venture Partners",
Zorro,https://www.crunchbase.com/organization/myzorro,"New York, New York, United States",2022-01-01,year,"Employee Benefits, Health Care, Insurance, InsurTech",2025-06-11,20000000,USD,20000000,Zorro is an insurtech company that specializes in providing health insurance and health services.,http://www.myzorro.co,,https://www.linkedin.com/company/myzorrotech/,"Guy Ezekiel, Maya Perl",2,Series A,31500000,USD,31500000,"Pitango VC, 10D, Entrée Capital","10D, Entrée Capital, Pitango VC","Zorro is an insurtech company that provides health insurance and health services. It reduces health insurance costs for employers and helps them create personalized, better benefits that employees value and want."
Thread AI,https://www.crunchbase.com/organization/thread-ai-8b33,"New York, New York, United States",2023-01-01,year,"Agentic AI, Artificial Intelligence (AI), Software, Web Development",2025-06-05,20000000,USD,20000000,Thread AI's goal is to make infrastructure simple for enterprises seeking to get the most from AI.,https://www.threadai.com/,https://x.com/threadai_inc?mx=2,https://www.linkedin.com/company/thread-ai/,"Angela McNeal, Mayada Gonimah",2,Series A,26000000,USD,26000000,"Plug and Play, Index Ventures, Scale Venture Partners, Greycroft, Homebrew","Greycroft, Index Ventures",Thread AI makes infrastructure simple for enterprises and can drive adoption and innovation in AI.
Antimetal,https://www.crunchbase.com/organization/antimetal,"New York, New York, United States",2022-01-01,year,"Artificial Intelligence (AI), Cloud Infrastructure, Cloud Management, Developer Tools",2025-06-12,20000000,USD,20000000,For everything that happens after you deploy.,https://www.antimetal.com,https://x.com/antimetal,https://www.linkedin.com/company/antimetal,"Matthew Parkhurst, Shreyas Iyer",2,Series A,24300000,USD,24300000,"Framework Ventures, Chapter One, Buckley Ventures, Sound Ventures, P2 Ventures","Framework Ventures, Sound Ventures",
Board,https://www.crunchbase.com/organization/board-5d85,"New York, New York, United States",2023-01-01,year,"Card and Board Games, Digital Entertainment, Gaming, Online Games",2026-06-02,20000000,USD,20000000,Board is the face-to-face tabletop gaming console designed to bring people together physically around a 24-inch screen.,https://board.fun,https://x.com/boardisfun,https://www.linkedin.com/company/boardisfun,Brynn Putnam,2,Series A,20000000,USD,20000000,"Union Square Ventures, BoxGroup, First Round Capital, SV Angel, Haystack",Union Square Ventures,"Board is a 24-inch tabletop gaming console that blends the tactile, face-to-face interaction of traditional board games with the immersive and dynamic elements of video games. Designed to bring people together physically around a table, it features 12 exclusive games across arcade, strategy, action, and more, each controlled by unique physical pieces that make gameplay intuitive. Suitable for players aged 6 and up, Board supports solo, cooperative, and competitive play, making it ideal for family game nights and social gatherings, with parental controls and no mature content. It offers a fresh, social, and interactive gaming experience that encourages engagement and fun for players of all skill levels."
Nominal,https://www.crunchbase.com/organization/nominal-75ce,"New York, New York, United States",2023-01-01,year,"Accounting, Agentic AI, Software",2025-07-09,20000000,USD,20000000,Nominal is an AI-powered accounting automation platform for finance teams.,https://www.nominal.so,https://x.com/Nominal_SO,https://www.linkedin.com/company/nominalinc,"Golan Kopichinsky, Guy Leibovitz",2,Series A,29200000,USD,29200000,"Bling Capital, Workday Ventures, Vela Partners, Incubate Fund, Hyperwise Ventures","Bling Capital, Hyperwise Ventures, N47, Workday Ventures","Nominal is an AI-native financial operations platform that helps accounting teams automate complex accounting workflows using agentic AI. It integrates with existing ERP systems to handle reconciliation, consolidation, journal entries, reporting, and close management without replacing current software. The platform enables finance teams to reduce manual work, improve accuracy, and focus on strategic financial analysis."
Vellum,https://www.crunchbase.com/organization/vellum-74f3,"New York, New York, United States",2023-01-01,year,"Agentic AI, Artificial Intelligence (AI), Developer Platform, Information Technology, Software",2025-07-10,20000000,USD,20000000,Vellum is a provider of an enterprise development platform for building mission-critical AI products.,https://www.vellum.ai,https://x.com/vellum_ai,https://www.linkedin.com/company/vellumai,"Akash Sharma, Noa Flaherty, Sidd Seethepalli",3,Series A,25500000,USD,25500000,"Y Combinator, Pioneer Fund, TwentyTwo VC, Eastlink Capital, Rebel Fund","Leaders Fund, Y Combinator","Vellum is a provider of an enterprise development platform for building mission-critical AI products. The company equips cross-functional teams with a centralized control panel to orchestrate end-to-end AI workflows by connecting models, tools, and business data in one place to streamline the path to production. The platform combines workflow orchestration, evaluations and testing, deployment, and monitoring in one system, allowing organizations to build complex AI systems that produce consistent results."
Reclaim Security,https://www.crunchbase.com/organization/reclaim-security,"New York, New York, United States",2024-01-01,year,"Artificial Intelligence (AI), Computer, Network Security",2026-03-04,20000000,USD,20000000,Reclaim Security builds AI-powered software to automatically detect and fix security risks in an organization’s IT environment.,https://reclaim.security/,,https://www.linkedin.com/company/reclaim-security/,Barak Klinghofer,2,Series A,26000000,USD,26000000,"Acrew Capital, Ibex Investors, QP Ventures",Acrew Capital,
Ocean,https://www.crunchbase.com/organization/ocean-3b7c,"New York, New York, United States",2024-01-01,year,"Agentic AI, Cyber Security, Enterprise Software, Network Security",2026-05-19,20000000,USD,20000000,Ocean is an AI-native email security platform that uses autonomous AI agents to analyze context and prevent targeted phishing attacks.,https://ocean.insure,,https://www.linkedin.com/company/ocean-email-security,"Oran Moyal, Shay Shwartz",2,Series A,28000000,USD,28000000,"Lightspeed Venture Partners, Picture Capital, Assaf Rappaport, Yevgeny Dibrov, Cerca Partners","Lightspeed Venture Partners, Picture Capital","Ocean develops an AI-native email security platform designed to detect and prevent phishing, business email compromise, financial fraud, and other targeted email attacks. The platform uses autonomous AI agents to investigate emails in real time by analyzing intent, validating identities, examining links and infrastructure, and gathering contextual information. Ocean also provides automated triage, incident response, and employee guidance capabilities to help organizations manage email security operations."
Blossom Health,https://www.crunchbase.com/organization/blossom-health,"New York, New York, United States",2024-05-01,month,"Artificial Intelligence (AI), Health Care, Information Technology, Internet, Mental Health, Software",2026-03-26,20000000,USD,20000000,"Blossom Health is a telehealth platform that specializes in psychiatry, aiming to provide access to mental health services.",https://www.joinblossomhealth.com/,,https://www.linkedin.com/company/104568728/,John Zhao,2,Series A,20000000,USD,20000000,"Headline, Village Global, Operator Partners, Correlation Ventures, TA Ventures",Headline,"Blossom Health is a telehealth platform focused on psychiatric care, connecting individuals with licensed providers through virtual appointments. The company offers evaluation, diagnosis, and ongoing treatment that may include therapy and medication management, with services coordinated through online scheduling and consultations. It supports care for a range of mental health conditions such as anxiety, depression, ADHD, mood disorders, and substance use concerns. The platform matches patients with psychiatrists based on their needs and facilitates remote visits, allowing ongoing communication and treatment planning between patient and provider. Blossom Health integrates insurance-based billing and manages administrative processes such as appointment coordination and follow-ups. Its services are designed for individuals seeking structured psychiatric support delivered through digital channels."
Complyance,https://www.crunchbase.com/organization/complyance-0c7c,"New York, New York, United States",2022-01-01,year,"Artificial Intelligence (AI), Risk Management, Software",2026-02-11,20000000,USD,20000000,"Complyance is an AI-native software company that offers risk management, compliance automation, and control monitoring solutions.",https://www.complyance.com,https://x.com/complyancehq,https://linkedin.com/company/complyance,Richa Kaul,1,Series A,20000000,USD,20000000,"Speedinvest, Creandum, HV Capital, Everywhere Ventures, Google Ventures",Google Ventures,
Gigablue,https://www.crunchbase.com/organization/gigablue,"New York, New York, United States",2022-01-01,year,"Carbon Capture, Energy, GreenTech, Sustainability",2026-01-26,20000000,USD,20000000,High-Durability Carbon Dioxide Removal,https://www.gigablue.co,,https://www.linkedin.com/company/gigabluecarbon,Ori Shaashua,4,Series A,20000000,USD,20000000,"Plug and Play, At One Ventures, Katapult Ocean, Katapult, theDOCK","At One Ventures, Katapult, Planet Ocean Capital","Gigablue presents a groundbreaking system for carbon dioxide removal (CDR), maintaining the highest standards in environmental safety, durability, scalability, and precise measurement. Gigablue uses patented substrates to effectively export CO2 to the deep ocean. The carbon captured in the biomass is sequestered as the substrates sink into the deep ocean, storing it for hundreds to thousands of years. The substrates support the controlled capture of additional carbon by fostering phytoplankton activity in nutrient-depleted regions.” To track the substrates and quantify the sequestered carbon, Gigablue utilizes oceanographic models and a comprehensive set of sensors. This also ensures stringent environmental safety. Collaborating with research institutions, the environmental community, and indigenous societies, Gigablue aims to enhance benefits not only for the planet, but also for people."
Somethings,https://www.crunchbase.com/organization/somethings,"New York, New York, United States",2022-01-01,year,"Health Care, Mental Health, Mobile Apps, Wellness",2026-02-10,19200000,USD,19200000,Somethings is a platform for wellness tailored to young people that links youngsters with qualified mentors.,https://www.somethings.com/,,https://www.linkedin.com/company/somethingsgetbetter/about/,Patrick Gilligan,3,Series A,28582577,USD,28582577,"General Catalyst, Plug and Play, Gaingels, Tau Ventures, Catalio Capital Management","Catalio Capital Management, General Catalyst",Somethings is a platform for wellness tailored to young people that links youngsters with qualified mentors.
Fortuna Health,https://www.crunchbase.com/organization/fortuna-health,"New York, New York, United States",2023-01-01,year,"Health Care, Information Technology, Navigation",2025-07-21,18275489,USD,18275489,"Fortuna streamlines Medicaid navigation for consumers, covering eligibility, enrollment, and renewal processes seamlessly.",https://www.fortunahealth.com/,https://x.com/hifortunahealth,https://www.linkedin.com/company/fortuna-health/,"Benjamin Wesner, Cydney Kim, Nikita Singareddy",2,Series A,22275489,USD,22275489,"Andreessen Horowitz, BoxGroup, Y Combinator",Andreessen Horowitz,Fortuna Health offers healthcare via navigating Medicaid.
Arya Health,https://www.crunchbase.com/organization/arya-359f,"New York, New York, United States",2022-01-01,year,"Artificial Intelligence (AI), Health Care, Information Technology",2025-10-29,18200000,USD,18200000,Arya Health is a healthcare technology firm dedicated to improving healthcare workforce management with AI-powered automation.,https://www.aryahealth.ai/,https://x.com/Arya_Works,https://www.linkedin.com/company/aryaworks/,"Arunram K., Kunal Sarda, Kunal Sarda",3,Series A,25400000,USD,25400000,"Oceans, Operator Partners, ACME Capital, Ridge Ventures, Twelve Below","ACME Capital, Oceans, Twelve Below",Arya Health is a healthcare technology firm dedicated to improving healthcare workforce management with AI-powered automation.
Novellia,https://www.crunchbase.com/organization/novellia,"New York, New York, United States",2023-01-01,month,"Artificial Intelligence (AI), Health Care, Medical, Software",2026-06-02,18000000,USD,18000000,"Novellia is a healthcare technology company that develops a platform for collecting, organizing, and unifying personal medical information.",https://novellia.com,,https://www.linkedin.com/company/novellia,"Elliot Katz, Shashi Shankar",2,Series A,18000000,USD,18000000,"Khosla Ventures, Bling Capital, Spark Capital, TMV, Acrew Capital",Spark Capital,"Novellia is a patient data and healthcare technology company that develops a platform for collecting, organizing, and unifying personal medical information across multiple healthcare providers. The company provides a digital system that consolidates medical records, lab results, prescriptions, and treatment history into a single user-accessible profile. Its platform allows individuals to upload records manually and connect external patient portals, creating a centralized view of longitudinal health data. The company builds tools designed to help users track symptoms, medications, and health events over time, enabling a structured view of personal health journeys. It also supports data organization features that help users prepare for medical appointments by keeping relevant information in one place. The platform is designed to reduce fragmentation in healthcare information spread across hospitals, clinics, and diagnostic centers. Novellia also operates a data infrastructure layer that aggregates patient-permissioned health records for research purposes. This system enables the transformation of de-identified and aggregated data into insights used in medical research and treatment development. The company collaborates with healthcare and life sciences organizations to support real-world evidence generation and clinical research initiatives."
Cambio,https://www.crunchbase.com/organization/cambio-0fb5,"New York, New York, United States",2022-01-01,year,"Agentic AI, Artificial Intelligence (AI), Business Process Automation (BPA), Commercial Real Estate, Real Estate, Software",2026-01-22,18000000,USD,18000000,Cambio is an AI-native commercial real estate operations platform that transforms raw building data into actionable insights.,https://www.cambio.ai,,https://www.linkedin.com/company/cambioai,"Leia de Guzman, Stephanie Grayson",5,Series A,18650000,USD,18650000,"Pear VC, Y Combinator, Maverick Ventures, Peterson Ventures, Google for Startups","Google for Startups, Maverick Ventures, Y Combinator","Cambio is an AI-powered commercial real estate operations platform that automates the collection, analysis, and reporting of building data to support workflows like capital planning, compliance, sustainability tracking, and retrofit planning. It uses large language models and agentic AI to ingest unstructured documents, integrate utility and performance data, and produce actionable insights and priority-ranked recommendations for property owners, asset managers, and investors. The platform consolidates disparate data into a unified system of record and generates automated reporting for regulatory and investor frameworks. Cambio also supports collaboration across teams and helps clients evaluate investment opportunities and monitor progress toward financial and performance goals."
Garage,https://www.crunchbase.com/organization/garage-4b2f,"New York, New York, United States",2023-11-10,day,"Marketplace, Public Safety",2025-08-20,17840972,USD,17840972,"Garage is a marketplace for previously owned equipment, beginning with firefighting apparatus.",https://www.shopgarage.com,https://x.com/withgarage,https://www.linkedin.com/company/withgarage,"Alaz Sengul, Martin Hunt",3,Series A,22840972,USD,22840972,"Y Combinator, Infinity Ventures, FJ Labs, Initialized Capital, Benchstrength","Infinity Ventures, Initialized Capital, Y Combinator","The garage enables fire agencies to acquire and sell used equipment in seconds rather than days. Garage Marketplace handles payments, freight, and financing, making purchasing and selling equipment simple and secure."
Sola,https://www.crunchbase.com/organization/sola-2d05,"New York, New York, United States",2023-01-01,year,"Artificial Intelligence (AI), Business Process Automation (BPA), Data Center Automation, Machine Learning, Robotic Process Automation (RPA), Robotics",2025-08-14,17500000,USD,17500000,Sola assists automation-minded companies in building robotic agents that are capable of handling tedious tasks via LLMs and computer vision.,https://www.sola.ai/,https://x.com/SolaAI_,https://www.linkedin.com/company/sola-solutions/,"Jessica Wu, Neil Deshmukh",2,Series A,21000000,USD,21000000,"Andreessen Horowitz, Y Combinator, Conviction","Andreessen Horowitz, Conviction","Sola supports teams focused on automation by helping them create robotic agents proficient in managing repetitive tasks through the use of Large Language Models (LLMs) and computer vision. Sola supports companies across legal, financial, insurance, and healthcare, enabling citizen developers for their teams and process mining their existing workflow."
Status,https://www.crunchbase.com/organization/wishroll,"New York, New York, United States",2022-01-01,year,"Apps, Artificial Intelligence (AI), Digital Media, Gaming, Mobile Apps, Simulation, Social Media",2026-05-19,17000000,USD,17000000,"Status AI is an AI-driven social simulation platform that combines elements of social media, fanfiction, and interactive storytelling.",https://www.statusai.com/,https://x.com/wishroll,https://www.linkedin.com/company/statusai/,"Amit Bhatnagar, Blossom Okonkwo, Fai Nur, Great Okonkwo, Pritesh Kadiwala",4,Series A,34613000,USD,34613000,"General Catalyst, Union Square Ventures, Abstract, Y Combinator, LightShed Ventures","Abstract, General Catalyst, Union Square Ventures, Y Combinator","Status AI is an AI-driven social simulation platform that combines elements of social media, roleplaying, fanfiction, and interactive storytelling. The platform allows users to create digital personas, interact with AI-generated characters, and participate in fictional or user-created worlds through posts, replies, events, and direct interactions. Its system uses AI models that adapt to user choices and maintain ongoing character relationships and story progression over time. The company also incorporates multiplayer and community-based features, enabling users to build collaborative narratives and participate in shared timelines with other players. According to information published on its website and related company profiles, the platform primarily focuses on immersive social entertainment experiences for users interested in fandom communities, character-driven interactions, and AI-assisted storytelling."
FINNY,https://www.crunchbase.com/organization/finny-6acf,"New York, New York, United States",2023-01-01,year,"Artificial Intelligence (AI), FinTech, Lead Generation, Machine Learning, Marketing Automation, Wealth Management",2025-12-18,17000000,USD,17000000,FINNY is an AI-powered prospecting and marketing platform that helps financial advisors identify and connect with potential clients.,https://finny.com,https://x.com/FINNYAI,https://www.linkedin.com/company/finnyai,"Eden Ovadia, Theodore Janson, Victoria Toli",3,Series A,21800000,USD,21800000,"Y Combinator, Venrock, Activant Capital, Liquid 2 Ventures, Hanover","Hanover, Maple VC, Venrock, Y Combinator","FINNY is a software platform that provides financial advisors with tools to find, prioritize, and engage potential clients through data-driven prospecting, scoring, and outreach automation. The platform aggregates and analyzes large sets of prospect data to help advisors identify individuals whose recent life events or financial situations may signal readiness for advisory services, and assigns a predictive score to highlight prospects with higher likelihoods of engagement. FINNY also generates personalized outreach content, suggests suitable communication channels, and can manage follow-up interactions and meeting scheduling for advisors. The service is designed to streamline advisor workflows and support targeted client acquisition without manual lead research. Its system continuously updates prospect insights to assist advisors in monitoring opportunities over time."
Extend,https://www.crunchbase.com/organization/extend-4876,"New York, New York, United States",2023-01-01,year,"Artificial Intelligence (AI), Developer APIs, Document Management, SaaS, Software",2025-06-17,17000000,USD,17000000,"Document processing infrastructure for AI agents. APIs for parsing, extraction, classification, splitting, and editing.",https://www.extend.ai,https://x.com/ExtendHQ,https://www.linkedin.com/company/extend-app,"Eli Badgio, Kushal Byatnal",2,Series A,17500000,USD,17500000,"Y Combinator, Innovation Endeavors, Homebrew, Character, Guillermo Rauch","Innovation Endeavors, Y Combinator","Extend is a document processing company building infrastructure for AI agents and production pipelines. Teams use Extend's APIs and tooling to parse, extract, classify, split, and edit documents — turning PDFs, scans, and images into structured, production-ready data with 99%+ accuracy across 25+ file types and 100+ languages. Founded in 2023 in New York City by Kushal Byatnal and Eli Badgio, Extend is a Y Combinator company (W23) backed by $17M in seed and Series A funding led by Innovation Endeavors. Customers include Brex, Square, Mercury, Checkr, and Flatiron Health, processing millions of documents in financial services, healthcare, real estate, and logistics."
Joyful Health,https://www.crunchbase.com/organization/joyful-health,"New York, New York, United States",2023-01-01,year,"Artificial Intelligence (AI), Billing, Data Integration, Enterprise Software, Financial Services, Health Care, Health Diagnostics, Medical, Medical Device, Software",2026-04-16,17000000,USD,17000000,Joyful Health provides revenue intelligence software and services that help healthcare practices recover lost insurance and patient revenue.,https://www.joyfulhealth.com/,,https://www.linkedin.com/company/joyful-health-io,Eliana Berger,2,Series A,22000000,USD,22000000,"XYZ Venture Capital, CRV, Designer Fund, Go Global Ventures, Inflect Capital",CRV,"Joyful Health provides revenue intelligence software and services for healthcare practices and related organizations. The platform unifies claims, remittances, contracts, appointments, and payments into a single financial command center. It ingests data from EHR systems, eligibility checks, ERAs, payer contracts, and bank accounts to surface missing revenue and denial issues. The company also offers managed services to handle ongoing denials, unpaid claims, historical and aged accounts receivable, and upcoming EOB reconciliation. Joyful Health serves healthcare practitioners, billing companies, digital health organizations, and practice management groups that want clearer visibility into financial performance and recovered revenue."
Fin,https://www.crunchbase.com/organization/fin-4845,"New York, New York, United States",2022-01-01,year,"Apps, FinTech, Information Technology, Payments",2025-12-03,17000000,USD,17000000,Fin is engineered for high-value payments with business-grade payment rails designed to feel like a payments app.,https://www.fin.tech,https://x.com/fin,https://www.linkedin.com/company/fin-tech,"Aashiq Dheeraj, Ian Krotinsky",2,Series A,17000000,USD,17000000,"Sequoia Capital, Pantera Capital, Samsung NEXT, Multicoin Capital","Multicoin Capital, Pantera Capital, Sequoia Capital",Fin is engineered for high-value payments with business-grade payment rails designed to feel like a payments app rather than a cryptocurrency platform.
Jolly,https://www.crunchbase.com/organization/jolly-3223,"New York, New York, United States",2022-01-01,year,"Employee Benefits, Human Resources, Software",2025-02-10,16500000,USD,16500000,Jolly is a rewards platform for the workplace that incentivizes employee performance.,https://www.jolly.app,,https://www.linkedin.com/company/jolly,Dean Zimberg,1,Series A,16500000,USD,16500000,"Dorm Room Fund, Acadian Ventures, Bullpen Capital, Gokul Rajaram, Eigen Ventures",Zachary Kirkhorn,"Jolly is a rewards platform for the workplace that incentivizes employee performance. It implements performance-based incentives to increase employees utilization, compliance, referrals, and loyalty."
Knit,https://www.crunchbase.com/organization/go-knit,"New York, New York, United States",2023-01-01,year,"Artificial Intelligence (AI), Consumer Research, Market Research, Software",2025-07-31,16100000,USD,16100000,The AI-Native Research for the world's most iconic brands.,https://goknit.com/,,https://www.linkedin.com/company/goknit/,"Aneesh Dhawan, Raahish Kalaria",3,Series A,28650000,USD,28650000,"Alumni Ventures, Silicon Road Ventures, GFT Ventures, Sound Ventures, Revolution’s Rise of the Rest Seed Fund","GFT Ventures, Revolution’s Rise of the Rest Seed Fund, Silicon Road Ventures, Sound Ventures","Knit pairs forward-deployed researchers with autonomous research agents to deliver decision-ready insights faster and better than traditional agencies, unlocking entirely new ways for the world's most iconic enterprises to run research."
PointOne,https://www.crunchbase.com/organization/pointone-technologies,"New York, New York, United States",2023-01-01,year,"Billing, Legal, Legal Tech, Security",2026-03-23,16000000,USD,16000000,"Automated time, bill review, and firm intelligence for law firms",https://pointone.com/,https://x.com/PointOneAI,https://www.linkedin.com/company/pointoneai/,"Jeremy Ben-Meir, Katon Luaces",3,Series A,19625000,USD,19625000,"General Catalyst, Bessemer Venture Partners, Y Combinator, 8VC, TwentyTwo VC","8VC, Y Combinator",
Amperos,https://www.crunchbase.com/organization/amperos-health,"New York, New York, United States",2023-01-01,year,"Artificial Intelligence (AI), Health Care, Information Technology, InsurTech",2026-04-22,16000000,USD,16000000,Amperos is an AI-powered revenue recovery and denial management platform that reduces claim rejections and optimize collections.,https://www.amperos.com,https://x.com/amperoshealth,https://www.linkedin.com/company/amperos-health,"Alvin Wu, Michal Miernowski, Wilson Wang",2,Series A,20200000,USD,20200000,"Bessemer Venture Partners, Neo, Uncork Capital, Nebular","Bessemer Venture Partners, Uncork Capital","Amperos is a healthcare technology company that focuses on helping providers recover insurance revenue through automated claims management and denial resolution. Its platform uses agentic AI to manage the full lifecycle of insurance collections, including follow-ups, resubmissions, and appeals, while incorporating human expertise for complex cases. The company’s system integrates with existing healthcare workflows and consolidates claims data, payer interactions, and financial activity into a unified process for tracking and resolution. Amperos also provides analytics and insights that help organizations identify patterns in denials and improve billing and collection processes over time."
Remark,https://www.crunchbase.com/organization/remark-ac50,"New York, New York, United States",2022-01-01,year,"Artificial Intelligence (AI), Generative AI, Information Technology, Internet",2025-07-01,16000000,USD,16000000,Remark is a developer of an AI customer support platform offering multilingual voice and chat agents for automated customer service.,https://remark.ai/,https://x.com/withremark,https://www.linkedin.com/company/withremark,"Carl-Philip Majgaard, Ian Patterson, Theo Satloff",2,Series A,26300000,USD,26300000,"Stripe, Neo, Inspired Capital Partners, Visible Ventures, Shine Capital",Inspired Capital Partners,"Remark is a developer of an AI-powered customer experience platform designed to automate customer support through multilingual voice and chat agents. The company's conversational AI handles inquiries across multiple channels, integrates with enterprise systems, and delivers analytics and workflow automation, enabling organizations to provide faster, scalable, and personalized customer service."
Hook,https://www.crunchbase.com/organization/hook-e631,"New York, New York, United States",2022-01-01,year,"Artificial Intelligence (AI), Music, Social Media",2026-02-18,15754993,USD,15754993,Hook is a social music platform that enables creators to generate authorized remixes and mashups of songs using AI-assisted remixing tools.,https://hookmusic.com,,https://www.linkedin.com/company/hookmusic,Gaurav Sharma,4,Series A,22999987,USD,22999987,"Khosla Ventures, The Raine Group, Point72 Ventures, Palm Tree Crew, Imaginary Ventures","Khosla Ventures, Point72 Ventures, Waverley Capital","Hook is a music technology platform that enables users and creators to generate and share authorized remixes and mashups of songs using AI-assisted remixing tools. It provides software that simplifies the remixing process by offering functionalities such as beat matching, genre and mood filters, mashup capabilities, and integration with short-form social media formats, allowing creators to produce derivative music and combine audio with video elements for social sharing. The platform maintains licensing arrangements with music rights holders so that remixes are created and distributed within copyright guidelines, giving artists and labels control over how their music is used and shared. Hook’s services include a catalog of licensed music moments that users can remix, discover, and remix further, and features that support direct sharing to social channels. The platform also incorporates mechanisms for creators to engage with music communities and explore trending remixes, offering tools that bridge music editing with social interaction. Hook’s technology emphasizes accessibility for music fans and content creators to express creative ideas while navigating rights and monetization structures that link user-generated content with artist compensation systems."
Greenboard,https://www.crunchbase.com/organization/greenboard-8b98,"New York, New York, United States",2023-02-01,month,"Compliance, FinTech, Software",2026-05-12,15500000,USD,15500000,Greenboard is a financial software company that develops software to bridge the gap between regulation and financial innovation.,https://www.greenboard.com/,,https://www.linkedin.com/company/greenboard-compliance,"Dave Feldman, Edward Schembor",3,Series A,20000000,USD,20000000,"General Catalyst, Base10 Partners, Y Combinator, Transpose Platform Management, TwentyTwo VC","Base10 Partners, Y Combinator",Greenboard is a financial technology company.
Marble Health,https://www.crunchbase.com/organization/marble-health,"New York, New York, United States",2023-01-01,year,"Health Care, Mental Health, Wellness",2025-10-14,15500000,USD,15500000,Marble Health provides access to personalized therapy to help teens in their mental health journey.,https://www.marblehealth.com,,https://www.linkedin.com/company/marble-health/,Jake Sussman,3,Series A,20500000,USD,20500000,"Khosla Ventures, Town Hall Ventures, FJ Labs, Costanoa Ventures, Daybreak ventures","Costanoa Ventures, Khosla Ventures, Town Hall Ventures","Marble Health provides access to personalized therapy to help teens in their mental health journey. Marble Health provides prompt and affordable care for middle and high school students experiencing common mental health issues such as anxiety, depression, and trauma. They ensure that all teens and their families can access treatment using their existing insurance coverage, including both commercial and Medicaid plans."
dili,https://www.crunchbase.com/organization/dili-e466,"New York, New York, United States",2023-01-01,year,"Agentic AI, Artificial Intelligence (AI), Business Process Automation (BPA), Compliance, Construction, Enterprise Software",2026-07-30,15000000,USD,15000000,"Dili provides AI-powered compliance automation software for construction, infrastructure, and energy projects.",https://dili.ai,https://x.com/dili_ai,https://www.linkedin.com/company/dili-ai,"Anand Chaturvedi, Brian Fernandez, Stephanie Song",3,Series A,21825000,USD,21825000,"Khosla Ventures, Y Combinator, Pioneer Fund, Rocketship.vc, Gaingels",Khosla Ventures,"Dili provides an AI-powered compliance automation platform for construction, infrastructure, energy, and manufacturing projects. The platform automates prevailing wage compliance, certified payroll review, apprenticeship tracking, wage validation, compliance reporting, and audit workflows to help organizations manage regulatory requirements for federally funded projects."
Cluely,https://www.crunchbase.com/organization/cluely,"New York, New York, United States",2025-04-01,month,"Artificial Intelligence (AI), Computer, Meeting Software, Software",2025-06-20,15000000,USD,15000000,Cluely provides AI-powered real-time assistance for various tasks.,https://cluely.com,https://x.com/cluely,https://www.linkedin.com/company/cluely,"Alex Chen, Chungin Lee, Neel Shanmugam",2,Series A,20300000,USD,20300000,"Andreessen Horowitz, Abstract, Karman Ventures, Susa Ventures, Soma Capital","Abstract, Andreessen Horowitz, Susa Ventures","Cluely is an AI tool that offers live, context-aware responses during meetings and sales calls. It can recall information from transcripts and provide product details to sales representatives. The software also assists with individual work by reading screens and responding to prompts. The company offers a platform for coding questions that some in software engineering circles, all programming languages, development environments, and applications for screen sharing and collaborations; provides continuous customer support; and offers various plans as per users' needs, enabling users to get an undetectable AI assistant for their operations."
Trovy,https://www.crunchbase.com/organization/trovy,"New York, New York, United States",2024-01-01,year,"Apps, Finance, FinTech, Software",2026-06-24,15000000,USD,15000000,"Trovy is a fintech company that provides applications. analytics, and financial services.",https://trovy.com,https://x.com/trovycard,https://www.linkedin.com/company/trovy-technologies-inc,"Ashley Harris, TJ Milani, Wontaek Shin",2,Series A,25000000,USD,25000000,"Kleiner Perkins, Left Lane Capital, Camber Creek, DCM Ventures",Left Lane Capital,
Tetrix,https://www.crunchbase.com/organization/tetrix-08d1,"New York, New York, United States",2023-01-01,year,"Artificial Intelligence (AI), Information Technology",2026-06-23,15000000,USD,15000000,Tetrix offers an enterprise solution that utilizes cutting-edge AI technology to convert chaotic and complex alternative investment data.,https://www.tetrix.co/,,https://www.linkedin.com/company/tetrixinc/about/,,2,Series A,20000000,USD,20000000,"White Star Capital, Innovation Endeavors","Innovation Endeavors, White Star Capital","Tetrix offers an enterprise solution that leverages cutting-edge AI technology to convert chaotic and complex alternative investment data into simple, actionable insights, allowing for smarter investment decisions."
Zenskar,https://www.crunchbase.com/organization/zenskar,"New York, New York, United States",2022-03-01,month,"Accounting, Artificial Intelligence (AI), Billing, Financial Services, SaaS, Software",2026-04-17,15000000,USD,15000000,Zenskar provides a billing and revenue management platform for companies with usage-based and subscription pricing models.,https://www.zenskar.com,https://x.com/ZenskarHQ,https://www.linkedin.com/company/zenskar,"Apurv Bansal, Rakshit Kumar, Saurabh Agrawal",2,Series A,21500000,USD,21500000,"Alumni Ventures, Bessemer Venture Partners, Rocketship.vc, Shine Capital, Converge","Bessemer Venture Partners, Rho Capital Partners, Shine Capital, Susquehanna Venture Capital","Zenskar provides a billing and revenue management platform for companies with usage-based and subscription pricing models. The system enables businesses to track customer usage, generate invoices, and manage pricing structures across different plans. It includes tools for revenue recognition, financial reporting, and integration with accounting and payment systems. The platform also supports automation of billing workflows and handling of complex pricing scenarios such as tiered or metered charges. Zenskar serves organizations that require structured billing processes and visibility into revenue operations."
GTE,https://www.crunchbase.com/organization/gte-8e4f,"New York, New York, United States",2024-01-01,year,"Blockchain, Cryptocurrency, Decentralized Finance (DeFi), Financial Exchanges, FinTech, Foreign Exchange Trading, Stock Exchanges, Trading Platform, Web3",2025-06-23,15000000,USD,15000000,"GTE is the world's fastest decentralized exchange for perpetual futures across crypto, equities, commodities, and prediction markets.",https://gte.xyz,https://x.com/GTE_XYZ,https://www.linkedin.com/company/gtexyz/,"Enzo Coglitore, Matteo Lunghi, Moses Lee, Nate Burbage",5,Series A,35942000,USD,35942000,"Paradigm, Wintermute, Robot Ventures, Maven 11 Capital, Flow Traders",Paradigm,"GTE is the world's fastest decentralized exchange and blockchain, enabling users across the globe to trade perpetual futures on crypto, equities, commodities, and prediction markets with CEX-level speed and execution while maintaining full decentralization."
Manifest,https://www.crunchbase.com/organization/manifest-f544,"New York, New York, United States",2022-01-01,year,"Cyber Security, Software, Supply Chain Management",2025-04-24,15000000,USD,15000000,Manifest is a cybersecurity firm focused on assisting businesses in securing their software supply chains.,http://www.manifestcyber.com,https://x.com/manifestcyber,https://www.linkedin.com/company/manifestcyber,"Cameron Greenburg, Daniel Bardenstein, Marc Frankel",2,Series A,21000000,USD,21000000,"BoxGroup, First Round Capital, AE Industrial Partners, XYZ Venture Capital, True Ventures","Ensemble VC, First Round Capital",Manifest is a cybersecurity firm focused on assisting businesses in securing their software supply chains. Manifest is creating the first all-in-one SBOM management platform.
Pro Padel League,https://www.crunchbase.com/organization/pro-padel-league,"New York, New York, United States",2022-01-01,year,"Leisure, Media and Entertainment, Recreation, Sports, Sports Leagues and Teams",2026-03-24,15000000,USD,15000000,The Pro Padel League is a team-based professional padel circuit bringing the highest level of competition to major cities around the world.,https://www.propadelleague.com/,https://x.com/propadelleague,https://www.linkedin.com/company/pro-padel-league/,,3,Series A,25000000,USD,25000000,"Left Lane Capital, Epic Padel, Gary Vaynerchuk, Kactus Capital Management, Tony Tamer","Left Lane Capital, Rick Schnall",The Pro Padel League is a team-based professional padel circuit bringing the highest level of competition to major cities around the world.
Ilant Health,https://www.crunchbase.com/organization/ilant-health,"New York, New York, United States",2022-01-01,year,"Health Care, Health Diagnostics, Outpatient Care",2026-04-09,15000000,USD,15000000,Obesity & Cardiometabolic Center of Excellence,https://www.ilanthealth.com,,https://www.linkedin.com/company/ilant-health,"Elina Onitskansky, Jessica Muse",4,Series A,20600000,USD,20600000,"SEMCAP, PeakBridge, Operator Partners, LifeX Ventures, Innovation Works","AlphaLab Health, Cornucopian Capital","Ilant Health is a value-based center of excellence for obesity and cardiometabolic health. We partner with employers and health plans to deliver personalized, high-quality, evidence-based care that drives life-changing outcomes and 2-4x+ in-year ROI. Using proprietary analytics, a robust clinical team, purpose-built technology, and lived-experience support, we de-average care, matching the right member to the right treatment and support. Our multidisciplinary team—obesity medicine physicians, behavioral health specialists, dietitians, and peer navigators—coupled with our clinical decision support, provides tailored care across behavioral therapy, pharmacotherapy, bariatric surgery, and condition management for diabetes and cardiovascular disease. Ilant delivers exceptional member experiences, transformative clinical outcomes, and strong financial returns."
Flint,https://www.crunchbase.com/organization/flintk12,"New York, New York, United States",2022-01-01,day,"Artificial Intelligence (AI), EdTech, Education, Software",2025-11-05,15000000,USD,15000000,"AI Platform for Schools, Virtual Communication, Education Technology",https://flintk12.com/,https://x.com/FlintK12_,https://www.linkedin.com/company/flintk12,"Jinseo Park, lysander quill, Sohan Choudhury",3,Series A,15500000,USD,15500000,"Y Combinator, Basis Set Ventures, Afore Capital, Patron, zVentures","Afore Capital, Basis Set Ventures, Patron, Y Combinator, zVentures","Flintk12 Inc. is a pioneering AI platform tailored for educational institutions. The platform recognizes the transformative potential of AI in education and bridges the gap between technology and classroom engagement. Flintk12 ensures data security and privacy, not using student chat data to train AI models. The platform provides features supporting multiple AI models, custom roles, and document/link uploads, aiming to redefine the modern classroom experience."
Evertune,https://www.crunchbase.com/organization/evertune-5d1a,"New York, New York, United States",2024-01-01,year,"Analytics, Artificial Intelligence (AI), Business Intelligence, Content Marketing, Enterprise Software, SaaS, SEO",2025-08-12,14999977,USD,14999977,Evertune is the Generative Engine Optimization (GEO) platform that helps brands improve visibility in AI search.,https://www.evertune.ai/,https://x.com/evertune_ai,https://www.linkedin.com/company/evertune-ai/,"Brian Stempeck, Edward Chater, Poul Costinsky",2,Series A,18999969,USD,18999969,"Felicis, NextView Ventures, Eniac Ventures, Jonathan Carson, Sarfraz Maredia","Eniac Ventures, Felicis","Evertune is the Generative Engine Optimization (GEO) platform that helps brands improve visibility in AI search across ChatGPT, AI Overview, AI Mode, Gemini, Claude, Perplexity, Meta, DeepSeek and Copilot. We're building the first marketing platform for AI search as a channel. We show enterprise brands exactly where they stand when customers discover them through AI — then give them the precise playbook to show up stronger. This is Generative Engine Optimization, also known as AI SEO. Why Leading Enterprise Marketers Choose Evertune: Data Science at Scale: We prompt across every major LLM at volumes that capture response variations and ensure statistical significance for comprehensive brand monitoring and competitive intelligence. Actionable Strategy, Not Just Dashboards: We decode exactly what gets brands mentioned more and ranked higher, then deliver the specific content, messaging and distribution moves that improve your position.  Dedicated Customer Success: Our team provides hands-on training and strategic guidance to help you execute on insights and improve your AI search visibility. Purpose-Built for AI as a Channel: Evertune was founded in 2024 specifically for how LLMs select and rank brands. While others retrofit SEO tools, we're architecting the infrastructure for where marketing is going: AI search with organic visibility today, paid placements and agentic commerce tomorrow. Proven Leadership: Our founders helped build The Trade Desk and pioneered data-driven digital advertising. We've shepherded an entire industry through transformation before and have seen early adopters grab the competitive advantage. Our investors, including data scientists from OpenAI and Meta, back our vision because they see where this channel is heading."
Centari,https://www.crunchbase.com/organization/centari,"New York, New York, United States",2023-02-01,month,"Artificial Intelligence (AI), Knowledge Management, Legal Tech, Software",2025-09-18,14000000,USD,14000000,"Centari is the platform for Deal Intelligence, combining secure LLMs with trusted precedent to accelerate transactions.",https://www.centari.com/,https://x.com/centariapp,https://www.linkedin.com/company/centariapp,"Bryan Gilbert Davis, Kevin Walker",3,Series A,14000000,USD,14000000,"South Park Commons, Alt Capital, GTMfund, Sentinel Global, Recall Capital",Sentinel Global,"Centari is the platform for Deal Intelligence, combining secure LLMs with trusted precedent to accelerate transactions."
Rebar,https://www.crunchbase.com/organization/rebar-444d,"New York, New York, United States",2024-01-01,year,"Artificial Intelligence (AI), Construction, Heating, Ventilation, and Air Conditioning (HVAC), Industrial",2026-03-10,14000000,USD,14000000,Rebar is a construction technology company that develops AI-powered estimating software for HVAC equipment suppliers.,https://www.withrebar.ai,,https://www.linkedin.com/company/withrebar,"Andrew Schwartz, Evan Brown",1,Series A,14000000,USD,14000000,"Founder Collective, Prudence, Villain Capital, Zero Infinity Partners, Optimist Ventures",Prudence,"Rebar is a construction technology company that develops AI-powered estimating software for HVAC equipment suppliers and representative firms. Its platform helps teams automate HVAC takeoffs, the process of reviewing building plans, to identify and count equipment needed for a project. The company’s software uses artificial intelligence to analyze construction drawings and automatically tag and quantify HVAC components such as dampers, diffusers, and other equipment. This reduces the manual work involved in estimating and enables teams to generate project estimates much faster. In addition to automated takeoffs, the platform provides tools for tracking estimating performance, analyzing market specifications, and monitoring bidding activity to help HVAC suppliers make more informed sales and product decisions. It focuses on bringing AI-driven automation to the architecture, engineering, and construction (AEC) sector by streamlining complex estimation workflows for HVAC businesses."
Take2 AI,https://www.crunchbase.com/organization/take2-ai,"New York, New York, United States",2022-01-01,year,"Employment, Generative AI, Human Resources, Information Technology, Recruiting, SaaS",2026-02-11,14000000,USD,14000000,Take2 AI automates phone screens with AI agents.,http://www.take2.ai,,https://www.linkedin.com/company/jointake2/,"Kaushik Narasimhan, Yaniv Shimoni",3,Series A,19000000,USD,19000000,"Techstars, Human Capital, Reach Capital, SemperVirens Venture Capital, Honeystone Ventures","Aiinno Capital, Human Capital, Reach Capital, SemperVirens Venture Capital","Take2 AI automates phone screens with AI agents. Take2's AI Interviewers automate the end-to-end screening process -- evaluating resumes, conducting phone screens, and scheduling 2nd interviews with qualified candidates. Our AI Interviewers help reduce overhead costs while boosting speed-to-hire and preventing mis-hires. We are a team of Stanford GSB alums, backed by SemperVirens & Reach Capital. Our advisory board consists of HR Leaders from Visa, HP, Disney and Google."
Strella,https://www.crunchbase.com/organization/strella-fd07,"New York, New York, United States",2023-01-01,year,"Artificial Intelligence (AI), SaaS, Software",2025-10-16,14000000,USD,14000000,"Strella is a Software as a Service (SaaS) solution that allows innovative product teams to run fast, continuous user research using AI.",https://www.strella.io/,https://x.com/strella_io,https://www.linkedin.com/company/strella-io/,Priya Krishnan,2,Series A,18000000,USD,18000000,"Bessemer Venture Partners, 645 Ventures, Unusual Ventures, MVP Ventures, Decibel Partners","Bessemer Venture Partners, Decibel Partners","Strella is a Software as a Service (SaaS) solution that allows innovative product teams to run fast, continuous user research using AI."
Lingopal,https://www.crunchbase.com/organization/lingopal,"New York, New York, United States",2023-11-10,day,"Artificial Intelligence (AI), Software, Translation Service",2025-02-10,14000000,USD,14000000,LingoPal offers speech-to-speech translation including live captions and cloned voices for multilingual livestreams and broadcasts.,https://lingopal.ai,,https://www.linkedin.com/company/lingopal-ai/,"Casey Schneider, Deven Orie",3,Series A,16200000,USD,16200000,"Scrum Ventures, DCM Ventures, Z Fellows, Cory Levy, Marquee Ventures",DCM Ventures,"LingoPal develops AI technology for real-time speech-to-speech translation in more than 120 languages. The platform integrates with livestream audio to translate speech and captions instantly, preserving speaker emotion, voice characteristics, and informal elements like slang or idioms, via a no-code, plug-and-play interface. LingoPal’s model delivers high accuracy, supports multiple speakers seamlessly, and maintains latency under two seconds even on compact models."
Zip Security,https://www.crunchbase.com/organization/zip-security-07c3,"New York, New York, United States",2022-01-01,year,"Artificial Intelligence (AI), Cyber Security, Management Consulting, Network Security, Security",2025-07-14,13500000,USD,13500000,Zip Security delivers an AI-driven cybersecurity and compliance platform for security and IT automation for small and mid-sized enterprises.,https://www.zipsec.com,,https://www.linkedin.com/company/zipsec,"Gabbi Merz, Joshua Zweig",2,Series A,21200000,USD,21200000,"General Catalyst, BoxGroup, Human Capital, MANTIS Venture Capital, Ballistic Ventures","Ballistic Ventures, General Catalyst, Human Capital","Zip Security delivers an AI-driven cybersecurity and compliance platform that automates cloud-based identity management, device management, and endpoint threat detection. The platform automates deployment and management of tools like endpoint detection, device and identity management, secure browsing, and compliance frameworks such as SOC‑2 and HIPAA. It integrates with solutions like CrowdStrike, Intune, Jamf, Google Workspace, and Okta, enabling businesses without security teams to maintain effective defenses."
Texture,https://www.crunchbase.com/organization/texture-66bf,"New York, New York, United States",2023-06-16,day,"Cloud Data Services, Energy Management",2026-05-23,12500000,USD,12500000,The industry cloud for distributed energy,https://www.texturehq.com,https://x.com/texturehq,https://www.linkedin.com/company/texturehq,"Sanjiv Sanghavi, Victor Quinn",4,Series A,29230078,USD,29230078,"Abstract, Equal Ventures, Lerer Hippeau, VoLo Earth Ventures, Day One Ventures","Equal Ventures, VoLo Earth Ventures","Texture aggregates data from devices, meters, markets and other signals, all into a single, easy-to-use platform so any company in the energy space can be data-driven."
Uniti AI,https://www.crunchbase.com/organization/zebraai,"New York, New York, United States",2024-02-01,day,"Artificial Intelligence (AI), Real Estate, Sales Automation",2026-07-21,12000000,USD,12000000,Uniti AI is a platform that specializes in AI-driven sales agents specifically for the commercial real estate industry.,https://www.getuniti.com,,https://www.linkedin.com/company/uniti-ai,"Emre Altinok, Francesco Decamilli",2,Series A,16000000,USD,16000000,"Pathlight Ventures, Flex Capital, Prudence, MetaProp, Alate Partners","Pathlight Ventures, Prudence","​Uniti AI develops artificial intelligence agents designed to assist real estate professionals by engaging, qualifying, and scheduling leads through various communication channels, including email, SMS, WhatsApp, and website chat, operating around the clock. The platform offers customization options, allowing users to tailor qualification questions, messaging styles, and escalation protocols without requiring coding skills. Uniti AI's solutions cater to diverse real estate sectors such as self-storage, coworking spaces, multifamily housing, brokerages, and event venues. By automating routine tasks, the company aims to enable human teams to focus on strategic, high-value activities."
Sent,https://www.crunchbase.com/organization/sent-aa00,"New York, New York, United States",2023-12-05,day,"Communications Infrastructure, Developer Platform, Messaging",2026-06-28,12000000,USD,12000000,Sent is a single API that lets brands seamlessly send texts across SMS and apps like WhatsApp and iMessage,https://sent.dm,https://x.com/sent_dm,https://www.linkedin.com/company/sentdm,Daniel Vataj,3,Series A,15550000,USD,15550000,"Plug and Play, Bessemer Venture Partners, Flybridge, Urban Innovation Fund, Companyon Ventures","Bessemer Venture Partners, Companyon Ventures, Urban Innovation Fund",
Lama AI,https://www.crunchbase.com/organization/lama-ai,"New York, New York, United States",2022-01-01,year,"Banking, Commercial Lending, Finance, Financial Services, FinTech, Funding Platform, Lending, Machine Learning",2026-06-23,12000000,USD,12000000,AI-native loan origination infrastructure for banks and credit unions modernizing commercial lending,https://www.lama.ai,,https://linkedin.com/company/lamaai,"Omri Yacubovich, Ran Magen",2,Series A,21000000,USD,21000000,"SixThirty, Hetz Ventures, Viola Ventures, Fin Capital, Foundation Capital","EJF Ventures, Hetz Ventures, Viola Ventures","Lama AI provides AI-native loan origination infrastructure for community and regional banks. Its platform helps automate intake, borrower assistance, document collection, underwriting preparation, decisioning workflows, closing, and portfolio monitoring, enabling banks to scale lending operations while reducing manual work. Trusted by leading community and regional banks, Lama AI helps lenders move faster, improve borrower experience, and preserve the credit discipline, oversight, and compliance standards required in regulated lending. Lama AI is on a mission to expand access to fair, profitable capital for small businesses and beyond.  Headquartered in NYC with an R&D center in Tel Aviv, Lama AI is reshaping the future of business lending. For more information visit us at: https://lama.ai/"
Belfry,https://www.crunchbase.com/organization/belfry-3b43,"New York, New York, United States",2022-03-04,day,"Human Resources, Physical Security, Software, Virtual Workforce",2025-01-21,12000000,USD,12000000,Belfry is a technology provider that offers a software platform for managing businesses.,http://belfrysoftware.com,https://x.com/belfrysoftware,https://www.linkedin.com/company/belfrysoftware,"Alex Tulenko, Jordan Wallach",2,Series A,14149999,USD,14149999,"Base10 Partners, Bienville Capital, Aglaé Ventures",Base10 Partners,"Belfry is a technology provider that offers a software platform for managing security guard services and businesses. Its platform offers an optimized schedule, maintains engagement in deployed officers, and prepares payroll that help clients scale their businesses by simplifying and automating workforce management."
Concourse,https://www.crunchbase.com/organization/concourse-e69f,"New York, New York, United States",2023-01-01,year,"Artificial Intelligence (AI), B2B, Enterprise Software, Finance, Generative AI, Software",2026-01-27,12000000,USD,12000000,"Concourse is an AI agent platform that helps corporate finance teams by automating financial analysis, reporting, and data workflows.",https://concourse.co,https://x.com/concourse_ai,https://www.linkedin.com/company/concourseai,"Matthieu Hafemeister, Ted Michaels",3,Series A,17200000,USD,17200000,"Andreessen Horowitz, BoxGroup, Y Combinator, SV Angel, Precursor Ventures","Andreessen Horowitz, CRV, Standard Capital, Y Combinator","Concourse is a company that provides an AI platform designed to support corporate finance teams by automating financial analysis, reporting, and data workflows. It offers AI agents that connect with existing financial systems and allow users to query financial data, generate reports, and run forecasts using natural language without needing manual data manipulation or technical setup. The platform integrates with a wide range of systems to centralize data for analysis and enables teams to produce charts, variance explanations, and ad-hoc insights. Concourse also includes features for collaborative editing, commentary, and exporting outputs to common formats like spreadsheets and presentations."
Haast,https://www.crunchbase.com/organization/haast,"New York, New York, United States",2023-01-01,year,"Artificial Intelligence (AI), Compliance, Enterprise Software, Marketing, Marketing Automation, SaaS",2026-04-09,12000000,USD,12000000,Haast provides an AI-powered platform to automate marketing and content compliance workflows for organizations in regulated environments.,https://www.haast.io,,https://www.linkedin.com/company/haast-ai,"Kunal Vankadara, Liam King",3,Series A,16628275,USD,16628275,"Peak XV Partners, Defy.vc, Airtree Ventures, DST Global, Aura Ventures","Airtree Ventures, Aura Ventures, Peak XV Partners","Haast provides an AI-powered platform designed to automate marketing and content compliance workflows for organizations operating in regulated environments. The company offers tools that review digital assets before publication, identifying potential legal, regulatory, and brand compliance risks within marketing materials, documents, and communications. Its platform applies machine learning models trained on regulatory frameworks and internal company policies to deliver risk-aware assessments aligned with an organization’s compliance standards. Haast enables continuous monitoring of live digital channels, including websites, social media, and third-party platforms, to detect and flag compliance issues after content is published. The system provides real-time alerts and supports remediation processes, helping teams address risks before they escalate into regulatory or reputational concerns. The company also supports regulatory tracking by identifying relevant rule changes and assessing their impact on existing content and workflows. Its platform integrates with commonly used enterprise tools and content systems, allowing compliance checks to be embedded directly into existing processes without requiring separate manual reviews."
Bolto,https://www.crunchbase.com/organization/onnix-d36a,"New York, New York, United States",2023-06-01,month,"Artificial Intelligence (AI), B2B, Compliance, FinTech, Human Resources, SaaS",2026-04-21,12000000,USD,12000000,"AI HR platform that finds top global talent and simplifies onboarding, payroll, and compliance.",https://www.bolto.com,https://x.com/boltohq,https://www.linkedin.com/company/boltohq/,"Jake Johnson, Milan Bhandari, Mrinal Singh",3,Series A,17125000,USD,17125000,"General Catalyst, Alumni Ventures, Y Combinator, Amino Capital, Standard Capital",Standard Capital,"Bolto is the end-to-end AI powered HR platform for global teams. Find and hire the best pre-vetted global talent and simplify culture, onboarding, payroll, and compliance."
OffDeal,https://www.crunchbase.com/organization/offdeal,"New York, New York, United States",2023-01-01,year,"Artificial Intelligence (AI), Information Technology, Software",2025-07-29,12000000,USD,12000000,AI-native investment bank for buying and selling small businesses,https://offdeal.io,https://x.com/tryoffdeal,https://www.linkedin.com/company/offdeal/,"Alston Lin, Ori Eldarov",3,Series A,16825000,USD,16825000,"Radical Ventures, Y Combinator, Rebel Fund, Centre Street Partners, Andy Dunn","Radical Ventures, Y Combinator","OffDeal is building an AI-native investment bank for buying and selling small businesses. We use custom AI agents and big data to screen thousands of SMBs each day, matching buyers with the perfect acquisition target in days instead of months. Unlike legacy M&A advisors, we can search for targets for hundreds of buyers concurrently, 24/7."
Anecdote,https://www.crunchbase.com/organization/anecdote-9011,"New York, New York, United States",2022-01-01,year,"Artificial Intelligence (AI), Information Technology, Internet, Software",2025-09-15,12000000,USD,12000000,"Help companies hear every customer, even if the crowd is loud",https://anecdoteai.com/,,https://www.linkedin.com/company/anecdote-ai,"Abed Kasaji, Pavel Kochetkov",2,Series A,12000000,USD,12000000,"Neo, STV, Oraseya Capital, Phaze Ventures, Prosus Ventures",Prosus Ventures,Anecdote helps companies make better product decisions by listening to their customers. We structure the unstructured text & voice feedback and marry it with the user engagement data and business metrics. Our solution is based on large language models that are changing the world. We see this as an opportunity to build specific use cases on top of them. Our team has a solid track record in delivering such AI-driven products.
Tracera,https://www.crunchbase.com/organization/esg-flo,"New York, New York, United States",2022-01-01,year,"Analytics, Artificial Intelligence (AI), Machine Learning",2025-04-08,12000000,USD,12000000,Tracera is a AI-powered data infrastructure platform.,https://www.esgflo.com,,https://www.linkedin.com/company/tracera-ai/,Patrick Obeid,2,Series A,17250000,USD,17250000,"Contour Venture Partners, Tola Capital, Foundry Group, Rho Capital Partners, Bain & Company Inc.","Foundry Group, Rho Capital Partners, Tola Capital",Tracera is an AI-powered data infrastructure platform. It helps to extract relevant information from source documents.
Luzern Risk,https://www.crunchbase.com/organization/xn-captive,"New York, New York, United States",2023-01-01,year,"Health Insurance, Insurance, Risk Management",2025-03-21,12000000,USD,12000000,Luzern Risk provides complete captive insurance services.,https://www.luzernrisk.com/,,https://www.linkedin.com/company/luzern/,"Gabriel Weiss, Rachel Jenkins, Sam Espinosa",2,Series A,13500000,USD,13500000,Caffeinated Capital,Caffeinated Capital,Luzern Risk provides complete captive insurance services.